CustomerID,SubscriptionID,Month,Logins,ActiveUsers,FeatureUsed,APICalls,SessionMinutes
C1001,S5001,2023-07-01,14,4.0,Export,257,244.7
C1001,S5001,2023-08-01,14,7.0,Integrations,1570,257.6
C1001,S5001,2023-09-01,11,9.0,Reports,486,307.2
C1001,S5001,2023-10-01,14,7.0,Reports,1271,87.8
C1001,S5001,2023-11-01,10,3.0,Alerts,99,165.1
C1001,S5001,2023-12-01,10,4.0,Reports,129,146.8
C1001,S5001,2024-01-01,4,2.0,Reports,673,175.0
C1001,S5001,2024-02-01,16,8.0,Reports,263,114.5
C1001,S5001,2024-03-01,13,5.0,Reports,94,71.5
C1001,S5001,2024-04-01,9,5.0,API,246,153.6
C1001,S5001,2024-05-01,9,8.0,Alerts,341,129.5
C1001,S5001,2024-06-01,9,3.0,Dashboard,1175,19.0
C1001,S5001,2024-07-01,4,1.0,Export,638,236.8
C1001,S5001,2024-08-01,5,4.0,API,488,0.0
C1001,S5001,2024-09-01,4,1.0,Dashboard,68,52.6
C1001,S5001,2024-10-01,2,1.0,Reports,2478,79.7
C1002,S5002,2024-02-01,25,20.0,Export,1281,350.7
C1002,S5002,2024-03-01,17,10.0,API,676,346.8
C1002,S5002,2024-04-01,17,6.0,Integrations,1385,222.1
C1002,S5002,2024-05-01,16,9.0,API,11,140.4
C1002,S5002,2024-06-01,20,11.0,Integrations,1245,312.0
C1002,S5002,2024-07-01,19,11.0,API,1065,274.3
C1002,S5002,2024-08-01,22,16.0,API,1658,269.4
C1002,S5002,2024-09-01,25,12.0,Integrations,6055,394.9
C1002,S5002,2024-10-01,17,13.0,Reports,144,211.8
C1002,S5002,2024-11-01,21,11.0,Reports,1252,216.1
C1002,S5002,2024-12-01,18,15.0,Integrations,740,282.6
C1003,S5003,2023-09-01,11,3.0,Alerts,4702,364.5
C1003,S5003,2023-10-01,11,4.0,Alerts,736,319.1
C1003,S5003,2023-11-01,17,12.0,Alerts,90,370.3
C1003,S5003,2023-12-01,5,1.0,API,460,231.5
C1003,S5003,2024-01-01,7,5.0,Export,337,308.6
C1003,S5003,2024-02-01,19,15.0,API,1050,321.3
C1003,S5003,2024-03-01,11,8.0,Alerts,358,334.1
C1003,S5003,2024-04-01,13,10.0,Dashboard,1056,353.5
C1003,S5003,2024-05-01,15,13.0,Export,2423,221.1
C1003,S5003,2024-06-01,11,4.0,Integrations,614,96.5
C1003,S5003,2024-07-01,11,5.0,API,2426,415.1
C1003,S5003,2024-08-01,11,8.0,Dashboard,2604,129.8
C1003,S5003,2024-09-01,11,6.0,Alerts,920,261.4
C1003,S5003,2024-10-01,6,2.0,Alerts,1190,317.5
C1003,S5003,2024-11-01,21,17.0,Reports,609,405.6
C1003,S5003,2024-12-01,7,3.0,Reports,196,284.3
C1004,S5004,2024-03-01,14,9.0,API,890,183.4
C1004,S5004,2024-04-01,8,3.0,Reports,2156,140.4
C1004,S5004,2024-05-01,9,3.0,Reports,2389,441.9
C1004,S5004,2024-06-01,5,3.0,Reports,2295,248.4
C1004,S5004,2024-07-01,9,2.0,Integrations,934,225.9
C1004,S5004,2024-08-01,10,7.0,Alerts,510,219.2
C1004,S5004,2024-09-01,6,4.0,Export,776,254.6
C1004,S5004,2024-10-01,9,5.0,API,2544,288.9
C1004,S5004,2024-11-01,5,4.0,Alerts,1083,323.1
C1004,S5004,2024-12-01,7,2.0,Export,435,204.2
C1005,S5005,2023-12-01,15,4.0,Alerts,414,209.5
C1005,S5005,2024-01-01,11,5.0,API,4376,343.9
C1005,S5005,2024-02-01,16,6.0,Dashboard,2545,238.0
C1005,S5005,2024-03-01,18,14.0,Export,392,7.5
C1005,S5005,2024-04-01,11,3.0,API,356,255.6
C1005,S5005,2024-05-01,17,6.0,API,537,155.9
C1005,S5005,2024-06-01,9,4.0,Integrations,991,124.9
C1005,S5005,2024-07-01,8,5.0,Dashboard,342,73.5
C1005,S5005,2024-08-01,7,3.0,Export,190,269.4
C1005,S5005,2024-09-01,6,5.0,API,8,56.9
C1005,S5005,2024-10-01,9,3.0,Export,959,115.9
C1005,S5005,2024-11-01,3,2.0,Alerts,389,158.1
C1005,S5005,2024-12-01,3,1.0,Reports,1733,92.9
C1006,S5006,2024-09-01,34,26.0,Dashboard,178,375.0
C1006,S5006,2024-10-01,17,8.0,Integrations,2204,183.4
C1006,S5006,2024-11-01,18,7.0,Export,2342,132.0
C1006,S5006,2024-12-01,17,10.0,Reports,4091,87.8
C1007,S5007,2023-03-01,5,3.0,Alerts,410,240.6
C1007,S5007,2023-04-01,7,5.0,Dashboard,466,260.5
C1007,S5007,2023-05-01,1,0.0,Integrations,148,195.1
C1007,S5007,2023-06-01,5,1.0,Integrations,4976,313.9
C1007,S5007,2023-07-01,5,4.0,Export,229,314.4
C1007,S5007,2023-08-01,5,2.0,API,1580,307.9
C1007,S5007,2023-09-01,6,3.0,Dashboard,1086,231.0
C1007,S5007,2023-10-01,5,3.0,Dashboard,177,202.0
C1007,S5007,2023-11-01,3,0.0,API,1456,211.4
C1007,S5007,2023-12-01,5,2.0,Export,3653,184.1
C1007,S5007,2024-01-01,4,2.0,API,2231,215.5
C1007,S5007,2024-02-01,5,4.0,Integrations,321,371.7
C1007,S5007,2024-03-01,4,1.0,Dashboard,768,335.0
C1007,S5007,2024-04-01,9,5.0,Alerts,168,255.1
C1007,S5007,2024-05-01,4,2.0,Reports,59,283.7
C1007,S5007,2024-06-01,3,0.0,Reports,367,216.3
C1007,S5007,2024-07-01,10,4.0,Reports,2070,329.8
C1007,S5007,2024-08-01,7,6.0,Dashboard,54,224.6
C1007,S5007,2024-09-01,3,2.0,Alerts,1262,309.5
C1007,S5007,2024-10-01,6,4.0,Reports,2000,270.5
C1007,S5007,2024-11-01,4,2.0,Dashboard,76,441.4
C1007,S5007,2024-12-01,11,9.0,Dashboard,1954,64.9
C1008,S5008,2024-02-01,11,5.0,Dashboard,2322,365.6
C1008,S5008,2024-03-01,10,4.0,Dashboard,405,154.0
C1008,S5008,2024-04-01,7,4.0,Alerts,5862,121.1
C1008,S5008,2024-05-01,17,14.0,Export,1813,98.8
C1008,S5008,2024-06-01,21,17.0,Alerts,4651,288.0
C1008,S5008,2024-07-01,15,12.0,Export,926,253.2
C1008,S5008,2024-08-01,16,11.0,Alerts,3061,379.4
C1008,S5008,2024-09-01,17,8.0,Dashboard,1938,383.0
C1008,S5008,2024-10-01,9,6.0,Alerts,392,171.1
C1008,S5008,2024-11-01,14,9.0,Integrations,694,318.6
C1008,S5008,2024-12-01,18,14.0,Alerts,1842,349.5
C1009,S5009,2023-07-01,16,6.0,Integrations,1875,212.6
C1009,S5009,2023-08-01,18,13.0,Dashboard,2037,148.7
C1009,S5009,2023-09-01,15,10.0,Integrations,877,308.7
C1009,S5009,2023-10-01,10,7.0,Reports,1019,355.1
C1009,S5009,2023-11-01,11,5.0,Dashboard,28,257.4
C1009,S5009,2023-12-01,9,5.0,Alerts,217,354.0
C1009,S5009,2024-01-01,10,5.0,Export,130,377.7
C1009,S5009,2024-02-01,10,3.0,Export,339,218.1
C1009,S5009,2024-03-01,18,11.0,API,861,256.4
C1009,S5009,2024-04-01,9,3.0,Alerts,334,292.3
C1009,S5009,2024-05-01,14,8.0,Export,143,276.9
C1009,S5009,2024-06-01,10,3.0,Alerts,243,67.3
C1009,S5009,2024-07-01,7,4.0,Alerts,255,213.7
C1009,S5009,2024-08-01,14,6.0,API,644,284.4
C1009,S5009,2024-09-01,11,4.0,API,155,343.8
C1009,S5009,2024-10-01,16,11.0,Dashboard,513,347.6
C1009,S5009,2024-11-01,12,5.0,Reports,449,346.4
C1009,S5009,2024-12-01,10,7.0,Reports,416,312.3
C1010,S5010,2023-11-01,27,12.0,Integrations,2078,221.0
C1010,S5010,2023-12-01,18,5.0,Alerts,60,246.1
C1010,S5010,2024-01-01,12,8.0,Export,355,158.9
C1010,S5010,2024-02-01,8,3.0,Reports,594,212.7
C1010,S5010,2024-03-01,5,2.0,Export,475,126.3
C1010,S5010,2024-04-01,11,3.0,API,754,39.6
C1011,S5011,2023-05-01,2,0.0,Reports,109,291.2
C1011,S5011,2023-06-01,3,2.0,API,248,318.2
C1011,S5011,2023-07-01,6,3.0,Alerts,700,242.1
C1011,S5011,2023-08-01,3,0.0,Export,677,328.8
C1011,S5011,2023-09-01,3,1.0,API,812,209.4
C1011,S5011,2023-10-01,5,1.0,Integrations,2084,373.2
C1011,S5011,2023-11-01,6,2.0,Integrations,164,335.1
C1011,S5011,2023-12-01,8,6.0,Export,476,64.5
C1011,S5011,2024-01-01,4,2.0,Alerts,30,324.0
C1011,S5011,2024-02-01,8,4.0,Export,304,199.8
C1011,S5011,2024-03-01,3,2.0,API,3130,205.9
C1011,S5011,2024-04-01,5,3.0,Alerts,137,261.9
C1011,S5011,2024-05-01,4,3.0,Integrations,68,277.0
C1011,S5011,2024-06-01,6,3.0,Integrations,2191,187.6
C1011,S5011,2024-07-01,9,5.0,Alerts,3975,283.3
C1011,S5011,2024-08-01,2,0.0,Alerts,867,150.1
C1011,S5011,2024-09-01,1,0.0,Alerts,267,199.4
C1011,S5011,2024-10-01,6,4.0,Dashboard,2341,395.9
C1011,S5011,2024-11-01,4,1.0,API,0,259.2
C1011,S5011,2024-12-01,8,6.0,Integrations,3602,306.7
C1012,S5012,2023-02-01,1,0.0,API,539,239.2
C1012,S5012,2023-03-01,4,3.0,Alerts,1221,155.7
C1012,S5012,2023-04-01,1,0.0,Export,156,262.9
C1012,S5012,2023-05-01,4,3.0,Reports,645,233.8
C1012,S5012,2023-06-01,1,0.0,API,1579,188.4
C1012,S5012,2023-07-01,2,1.0,API,93,136.8
C1012,S5012,2023-08-01,1,0.0,Dashboard,904,75.9
C1012,S5012,2023-09-01,0,0.0,Dashboard,1405,137.5
C1012,S5012,2023-10-01,0,0.0,Alerts,79,252.5
C1012,S5012,2023-11-01,0,0.0,Reports,206,32.6
C1013,S5013,2024-12-01,0,0.0,Reports,71,242.1
C1014,S5015,2024-07-01,6,4.0,Alerts,865,330.9
C1014,S5015,2024-08-01,8,7.0,Export,667,345.4
C1014,S5015,2024-09-01,4,3.0,Integrations,3034,257.9
C1014,S5015,2024-10-01,6,3.0,API,3593,326.4
C1014,S5015,2024-11-01,3,1.0,Integrations,399,67.0
C1014,S5015,2024-12-01,10,4.0,Reports,972,346.9
C1015,S5016,2024-01-01,10,8.0,API,2,130.6
C1015,S5016,2024-02-01,2,0.0,Integrations,3728,394.8
C1015,S5016,2024-03-01,6,3.0,Integrations,825,199.6
C1015,S5016,2024-04-01,4,3.0,Export,530,312.5
C1015,S5016,2024-05-01,4,1.0,Dashboard,450,214.1
C1015,S5016,2024-06-01,4,3.0,Alerts,3193,223.1
C1015,S5016,2024-07-01,6,4.0,Integrations,34,368.5
C1015,S5016,2024-08-01,5,2.0,API,686,238.8
C1015,S5016,2024-09-01,3,2.0,Alerts,510,231.0
C1015,S5016,2024-10-01,7,5.0,Alerts,687,330.2
C1015,S5016,2024-11-01,8,2.0,Integrations,1223,158.2
C1015,S5016,2024-12-01,2,1.0,API,3950,356.9
C1016,S5017,2024-01-01,6,3.0,Alerts,1417,254.8
C1016,S5017,2024-02-01,0,0.0,Dashboard,71,128.7
C1016,S5017,2024-03-01,3,2.0,Export,1341,134.4
C1016,S5017,2024-04-01,5,2.0,Alerts,594,117.7
C1016,S5017,2024-05-01,4,1.0,Dashboard,942,114.7
C1016,S5017,2024-06-01,2,0.0,Integrations,547,174.2
C1016,S5017,2024-07-01,6,3.0,Alerts,851,259.6
C1016,S5017,2024-08-01,4,2.0,Reports,156,89.1
C1016,S5017,2024-09-01,5,1.0,Integrations,261,136.1
C1016,S5017,2024-10-01,2,1.0,API,204,144.3
C1016,S5017,2024-11-01,0,0.0,Alerts,85,72.5
C1016,S5017,2024-12-01,1,0.0,Dashboard,203,94.6
C1017,S5018,2024-06-01,2,1.0,Export,173,363.5
C1017,S5018,2024-07-01,6,4.0,Dashboard,126,297.7
C1017,S5018,2024-08-01,4,2.0,Integrations,836,74.6
C1017,S5018,2024-09-01,4,3.0,Integrations,140,258.5
C1017,S5018,2024-10-01,4,1.0,Integrations,555,271.3
C1017,S5018,2024-11-01,1,0.0,Reports,826,313.5
C1017,S5018,2024-12-01,3,2.0,Export,166,250.1
C1018,S5019,2024-03-01,7,3.0,Export,555,135.7
C1018,S5019,2024-04-01,6,4.0,Integrations,1251,401.3
C1018,S5019,2024-05-01,7,3.0,Dashboard,782,219.6
C1018,S5019,2024-06-01,9,5.0,API,447,320.5
C1018,S5019,2024-07-01,5,2.0,Reports,2069,444.6
C1018,S5019,2024-08-01,9,5.0,Integrations,0,322.6
C1018,S5019,2024-09-01,11,5.0,Dashboard,306,62.6
C1018,S5019,2024-10-01,13,10.0,API,772,347.7
C1018,S5019,2024-11-01,11,9.0,Reports,689,237.8
C1018,S5019,2024-12-01,9,7.0,Export,1076,267.2
C1019,S5020,2024-04-01,16,13.0,Reports,583,219.9
C1019,S5020,2024-05-01,16,5.0,API,329,314.9
C1019,S5020,2024-06-01,14,12.0,API,49,303.3
C1019,S5020,2024-07-01,18,11.0,API,806,347.0
C1019,S5020,2024-08-01,16,7.0,Dashboard,1758,206.6
C1019,S5020,2024-09-01,22,10.0,Export,3165,223.0
C1019,S5020,2024-10-01,13,4.0,Dashboard,553,296.9
C1019,S5020,2024-11-01,19,7.0,Alerts,1211,255.0
C1019,S5020,2024-12-01,15,4.0,Export,257,305.7
C1020,S5021,2023-12-01,13,9.0,Export,123,272.0
C1020,S5021,2024-01-01,13,9.0,Dashboard,1648,113.9
C1020,S5021,2024-02-01,6,2.0,Export,1955,240.2
C1020,S5021,2024-03-01,3,1.0,API,83,239.9
C1020,S5021,2024-04-01,6,3.0,Alerts,668,4.6
C1020,S5021,2024-05-01,10,7.0,Export,26,85.9
C1020,S5021,2024-06-01,4,2.0,Integrations,160,188.5
C1021,S5022,2023-05-01,14,7.0,Alerts,234,286.1
C1021,S5022,2023-06-01,13,7.0,Alerts,55,145.5
C1021,S5022,2023-07-01,14,11.0,Integrations,120,268.4
C1021,S5022,2023-08-01,11,8.0,Alerts,737,250.9
C1021,S5022,2023-09-01,10,4.0,Alerts,3275,154.0
C1021,S5022,2023-10-01,16,7.0,Dashboard,1250,324.7
C1021,S5022,2023-11-01,20,15.0,API,548,307.9
C1021,S5022,2023-12-01,8,2.0,Dashboard,247,329.0
C1021,S5022,2024-01-01,7,5.0,Export,2310,165.3
C1021,S5022,2024-02-01,12,8.0,API,941,182.7
C1021,S5022,2024-03-01,14,5.0,Export,1422,358.8
C1021,S5022,2024-04-01,16,5.0,Alerts,4387,179.4
C1021,S5022,2024-05-01,11,5.0,Integrations,2561,393.9
C1021,S5022,2024-06-01,15,10.0,Alerts,632,208.2
C1021,S5022,2024-07-01,12,8.0,Dashboard,109,188.9
C1021,S5022,2024-08-01,19,14.0,Integrations,1422,290.5
C1021,S5022,2024-09-01,18,6.0,Reports,446,136.1
C1021,S5022,2024-10-01,13,9.0,API,893,226.1
C1021,S5022,2024-11-01,12,7.0,API,319,157.4
C1021,S5022,2024-12-01,9,5.0,Dashboard,585,376.5
C1022,S5023,2023-09-01,1,0.0,Alerts,1197,217.8
C1022,S5023,2023-10-01,2,0.0,Integrations,514,61.0
C1022,S5023,2023-11-01,4,3.0,API,1095,395.2
C1022,S5023,2023-12-01,5,2.0,Reports,373,192.6
C1022,S5023,2024-01-01,1,0.0,Alerts,820,374.2
C1022,S5023,2024-02-01,3,1.0,Reports,3053,176.8
C1022,S5023,2024-03-01,3,2.0,API,566,371.9
C1022,S5023,2024-04-01,2,0.0,Dashboard,1453,303.8
C1022,S5023,2024-05-01,4,3.0,Alerts,1398,234.2
C1022,S5023,2024-06-01,3,1.0,Alerts,589,170.1
C1022,S5023,2024-07-01,1,0.0,Alerts,1771,44.9
C1022,S5023,2024-08-01,5,1.0,API,995,191.8
C1022,S5023,2024-09-01,1,0.0,Alerts,1380,254.5
C1022,S5023,2024-10-01,4,2.0,Alerts,5290,284.3
C1022,S5023,2024-11-01,1,0.0,Dashboard,690,239.2
C1022,S5023,2024-12-01,4,2.0,Alerts,1170,315.3
C1023,S5024,2024-08-01,4,1.0,Dashboard,1705,417.3
C1023,S5024,2024-09-01,1,0.0,Reports,3686,194.1
C1023,S5024,2024-10-01,1,0.0,API,1753,201.0
C1023,S5024,2024-11-01,5,1.0,Reports,32,241.6
C1023,S5024,2024-12-01,3,2.0,Integrations,352,308.1
C1024,S5025,2024-10-01,13,5.0,Export,451,115.1
C1024,S5025,2024-11-01,15,5.0,Dashboard,675,384.1
C1024,S5025,2024-12-01,19,12.0,Alerts,18,271.2
C1025,S5026,2023-04-01,3,0.0,Dashboard,1953,281.5
C1025,S5026,2023-05-01,6,2.0,Export,481,337.3
C1025,S5026,2023-06-01,2,1.0,Alerts,466,246.7
C1025,S5026,2023-07-01,6,4.0,Reports,2426,222.9
C1025,S5026,2023-08-01,2,0.0,Alerts,841,356.9
C1025,S5026,2023-09-01,3,2.0,Reports,740,219.7
C1025,S5026,2023-10-01,4,3.0,API,1588,236.8
C1025,S5026,2023-11-01,1,0.0,Export,414,99.0
C1025,S5026,2023-12-01,3,2.0,Dashboard,2977,288.7
C1025,S5026,2024-01-01,3,1.0,Alerts,316,151.7
C1025,S5026,2024-02-01,1,0.0,Dashboard,221,319.8
C1025,S5026,2024-03-01,4,3.0,Integrations,6103,105.7
C1025,S5026,2024-04-01,4,2.0,Export,1500,198.3
C1025,S5026,2024-05-01,5,1.0,Integrations,1033,249.8
C1025,S5026,2024-06-01,5,3.0,API,31,280.0
C1025,S5026,2024-07-01,2,1.0,API,4156,337.0
C1025,S5026,2024-08-01,4,2.0,API,388,426.2
C1025,S5026,2024-09-01,3,2.0,Dashboard,1037,339.6
C1025,S5026,2024-10-01,2,1.0,API,143,322.7
C1025,S5026,2024-11-01,5,3.0,Dashboard,2414,283.3
C1025,S5026,2024-12-01,2,1.0,Reports,4313,309.2
C1026,S5027,2024-05-01,11,9.0,Export,834,205.7
C1026,S5027,2024-06-01,9,6.0,Alerts,534,229.0
C1026,S5027,2024-07-01,13,7.0,Dashboard,1879,213.4
C1026,S5027,2024-08-01,11,3.0,Dashboard,579,219.3
C1026,S5027,2024-09-01,8,6.0,Dashboard,600,17.8
C1026,S5027,2024-10-01,4,2.0,Reports,936,115.5
C1026,S5027,2024-11-01,3,1.0,Reports,670,43.5
C1026,S5027,2024-12-01,3,1.0,API,88,159.9
C1027,S5028,2023-05-01,3,2.0,API,475,274.6
C1027,S5028,2023-06-01,5,3.0,Alerts,529,180.6
C1027,S5028,2023-07-01,4,2.0,Alerts,251,92.7
C1027,S5028,2023-08-01,3,2.0,API,485,206.5
C1027,S5028,2023-09-01,2,1.0,Dashboard,569,142.6
C1027,S5028,2023-10-01,1,0.0,Alerts,449,21.7
C1028,S5029,2023-06-01,17,7.0,Integrations,929,188.1
C1028,S5029,2023-07-01,18,12.0,Reports,1807,360.6
C1028,S5029,2023-08-01,15,11.0,Alerts,1718,160.7
C1028,S5029,2023-09-01,17,13.0,Integrations,1211,234.8
C1028,S5029,2023-10-01,6,4.0,Reports,324,304.7
C1028,S5029,2023-11-01,12,7.0,Reports,414,77.5
C1028,S5029,2023-12-01,11,9.0,Integrations,0,183.7
C1028,S5029,2024-01-01,13,9.0,Reports,1131,112.9
C1028,S5029,2024-02-01,12,10.0,API,476,19.0
C1028,S5029,2024-03-01,12,8.0,Dashboard,338,158.6
C1028,S5029,2024-04-01,13,4.0,Integrations,380,137.5
C1028,S5029,2024-05-01,10,8.0,API,1365,183.8
C1028,S5029,2024-06-01,8,3.0,Dashboard,881,163.3
C1028,S5029,2024-07-01,6,3.0,Dashboard,2224,40.1
C1028,S5029,2024-08-01,11,3.0,Export,670,298.9
C1028,S5029,2024-09-01,6,3.0,Dashboard,54,229.6
C1028,S5029,2024-10-01,8,4.0,Export,219,123.1
C1028,S5029,2024-11-01,6,2.0,Export,474,30.8
C1028,S5029,2024-12-01,5,3.0,Reports,196,0.0
C1029,S5030,2024-01-01,10,3.0,Dashboard,578,295.7
C1029,S5030,2024-02-01,4,2.0,Export,1466,200.1
C1029,S5030,2024-03-01,9,4.0,Export,126,399.3
C1029,S5030,2024-04-01,6,3.0,API,1589,364.9
C1029,S5030,2024-05-01,7,3.0,Dashboard,357,240.1
C1029,S5030,2024-06-01,7,3.0,Alerts,2136,226.8
C1029,S5030,2024-07-01,10,6.0,Alerts,2209,365.3
C1029,S5030,2024-08-01,11,4.0,Dashboard,1655,327.1
C1029,S5030,2024-09-01,5,2.0,Export,159,152.5
C1029,S5030,2024-10-01,6,3.0,Alerts,886,237.2
C1029,S5030,2024-11-01,3,1.0,Alerts,1123,226.7
C1029,S5030,2024-12-01,3,1.0,Reports,2309,142.1
C1030,S5031,2023-04-01,20,12.0,API,961,236.5
C1030,S5031,2023-05-01,15,7.0,Reports,1479,240.1
C1030,S5031,2023-06-01,15,12.0,Alerts,249,253.7
C1030,S5031,2023-07-01,19,14.0,Dashboard,333,145.5
C1030,S5031,2023-08-01,16,14.0,Alerts,508,238.9
C1030,S5031,2023-09-01,21,17.0,Alerts,99,345.9
C1030,S5031,2023-10-01,23,20.0,Integrations,6,476.0
C1030,S5031,2023-11-01,19,9.0,Dashboard,734,352.7
C1030,S5031,2023-12-01,15,5.0,Alerts,497,402.0
C1030,S5031,2024-01-01,14,5.0,Alerts,1393,213.3
C1030,S5031,2024-02-01,23,7.0,Alerts,1100,288.4
C1030,S5031,2024-03-01,13,6.0,Alerts,848,354.9
C1030,S5031,2024-04-01,15,4.0,Export,1386,331.9
C1030,S5031,2024-05-01,22,11.0,Export,569,182.4
C1030,S5031,2024-06-01,28,21.0,Alerts,614,153.8
C1030,S5031,2024-07-01,19,6.0,Alerts,1040,147.7
C1030,S5031,2024-08-01,19,15.0,Export,661,269.8
C1030,S5031,2024-09-01,21,9.0,Reports,1548,190.7
C1030,S5031,2024-10-01,19,14.0,API,407,344.1
C1030,S5031,2024-11-01,22,12.0,Alerts,637,311.5
C1030,S5031,2024-12-01,18,11.0,Reports,1228,196.2
C1033,S5034,2023-11-01,13,7.0,Dashboard,1811,190.9
C1033,S5034,2023-12-01,16,10.0,Alerts,2219,205.7
C1033,S5034,2024-01-01,4,2.0,Dashboard,618,445.7
C1033,S5034,2024-02-01,14,8.0,Reports,1391,197.5
C1033,S5034,2024-03-01,7,6.0,API,1575,320.3
C1033,S5034,2024-04-01,8,7.0,Alerts,642,129.7
C1033,S5034,2024-05-01,14,11.0,Dashboard,2786,178.9
C1033,S5034,2024-06-01,8,2.0,Export,1761,223.5
C1033,S5034,2024-07-01,9,2.0,Reports,2019,278.0
C1033,S5034,2024-08-01,13,10.0,API,85,252.8
C1033,S5034,2024-09-01,13,11.0,Dashboard,1009,388.3
C1033,S5034,2024-10-01,9,6.0,Dashboard,555,285.2
C1033,S5034,2024-11-01,13,7.0,Dashboard,286,360.0
C1033,S5034,2024-12-01,5,4.0,Integrations,1987,273.8
C1035,S5036,2023-06-01,12,6.0,Reports,7,313.5
C1035,S5036,2023-07-01,9,7.0,Reports,5336,246.7
C1035,S5036,2023-08-01,4,1.0,Integrations,6960,333.9
C1035,S5036,2023-09-01,9,4.0,Integrations,232,177.3
C1035,S5036,2023-10-01,6,4.0,Dashboard,12,104.3
C1035,S5036,2023-11-01,12,9.0,API,1883,299.3
C1035,S5036,2023-12-01,7,3.0,Reports,3009,374.2
C1035,S5036,2024-01-01,10,5.0,Integrations,142,304.4
C1035,S5036,2024-02-01,7,5.0,Export,367,367.9
C1035,S5036,2024-03-01,13,8.0,API,349,336.1
C1035,S5036,2024-04-01,9,4.0,Integrations,536,345.8
C1035,S5036,2024-05-01,11,9.0,Dashboard,4576,408.0
C1035,S5036,2024-06-01,8,3.0,Reports,243,202.6
C1035,S5036,2024-07-01,7,2.0,Alerts,5,325.8
C1035,S5036,2024-08-01,12,8.0,Alerts,1482,314.3
C1035,S5036,2024-09-01,6,3.0,Dashboard,279,326.2
C1035,S5036,2024-10-01,12,8.0,Export,642,166.4
C1035,S5036,2024-11-01,10,5.0,Reports,806,233.2
C1035,S5036,2024-12-01,7,3.0,Reports,1210,220.7
C1036,S5037,2023-08-01,6,5.0,API,2622,298.4
C1036,S5037,2023-09-01,6,1.0,API,1688,169.9
C1036,S5037,2023-10-01,9,7.0,Export,784,295.8
C1036,S5037,2023-11-01,13,9.0,Export,1950,273.7
C1036,S5037,2023-12-01,11,5.0,Alerts,5295,250.5
C1036,S5037,2024-01-01,7,5.0,Alerts,2125,150.1
C1036,S5037,2024-02-01,10,5.0,Integrations,2159,255.3
C1036,S5037,2024-03-01,11,8.0,Dashboard,185,222.6
C1036,S5037,2024-04-01,12,10.0,Dashboard,2406,264.5
C1036,S5037,2024-05-01,11,8.0,Dashboard,3517,405.8
C1036,S5037,2024-06-01,7,2.0,Dashboard,904,159.1
C1036,S5037,2024-07-01,14,5.0,Dashboard,349,176.1
C1036,S5037,2024-08-01,12,10.0,Integrations,1824,305.4
C1036,S5037,2024-09-01,12,8.0,Alerts,1157,38.1
C1036,S5037,2024-10-01,9,3.0,Integrations,1619,411.0
C1036,S5037,2024-11-01,8,6.0,Dashboard,2876,109.2
C1036,S5037,2024-12-01,10,5.0,Dashboard,367,171.1
C1037,S5038,2024-02-01,4,3.0,API,597,301.0
C1037,S5038,2024-03-01,6,4.0,Reports,1203,151.7
C1037,S5038,2024-04-01,2,1.0,Export,1336,271.0
C1037,S5038,2024-05-01,8,6.0,Dashboard,332,360.2
C1037,S5038,2024-06-01,6,3.0,Reports,340,139.7
C1037,S5038,2024-07-01,4,3.0,Alerts,1366,131.6
C1037,S5038,2024-08-01,4,2.0,Export,571,148.2
C1037,S5038,2024-09-01,5,1.0,Reports,257,79.8
C1037,S5038,2024-10-01,0,0.0,Alerts,343,163.6
C1037,S5038,2024-11-01,2,0.0,API,56,28.4
C1037,S5038,2024-12-01,1,0.0,Dashboard,222,136.5
C1038,S5039,2023-05-01,8,3.0,API,1756,196.1
C1038,S5039,2023-06-01,6,4.0,Export,353,123.3
C1038,S5039,2023-07-01,9,5.0,API,2399,182.1
C1038,S5039,2023-08-01,3,1.0,Export,141,193.0
C1038,S5039,2023-09-01,7,5.0,Integrations,274,156.2
C1038,S5039,2023-10-01,6,2.0,Integrations,19,183.6
C1038,S5039,2023-11-01,7,5.0,Export,1801,20.9
C1038,S5039,2023-12-01,1,0.0,Alerts,399,119.0
C1038,S5039,2024-01-01,5,2.0,Reports,460,75.3
C1038,S5039,2024-02-01,1,0.0,Integrations,31,159.1
C1038,S5039,2024-03-01,5,2.0,Integrations,274,0.0
C1038,S5039,2024-04-01,6,4.0,Reports,407,273.1
C1038,S5039,2024-05-01,6,5.0,Export,478,196.2
C1038,S5039,2024-06-01,1,0.0,Integrations,364,0.0
C1039,S5040,2023-03-01,1,0.0,Dashboard,1081,232.7
C1039,S5040,2023-04-01,2,0.0,API,1329,189.2
C1039,S5040,2023-05-01,5,4.0,Integrations,149,144.8
C1039,S5040,2023-06-01,3,1.0,Reports,1131,198.4
C1039,S5040,2023-07-01,3,2.0,Reports,518,221.1
C1039,S5040,2023-08-01,2,1.0,API,1373,231.9
C1039,S5040,2023-09-01,2,1.0,Reports,1307,269.7
C1039,S5040,2023-10-01,4,1.0,API,3567,160.0
C1039,S5040,2023-11-01,6,4.0,API,1632,490.2
C1039,S5040,2023-12-01,6,3.0,Reports,970,149.5
C1039,S5040,2024-01-01,8,6.0,Dashboard,3266,292.1
C1039,S5040,2024-02-01,2,0.0,Alerts,1011,287.3
C1039,S5040,2024-03-01,6,3.0,API,70,300.3
C1039,S5040,2024-04-01,5,3.0,Integrations,1147,370.5
C1039,S5040,2024-05-01,4,2.0,Dashboard,1849,342.5
C1039,S5040,2024-06-01,2,1.0,Export,4283,154.1
C1039,S5040,2024-07-01,1,0.0,Dashboard,133,280.5
C1039,S5040,2024-08-01,6,4.0,Integrations,561,207.8
C1039,S5040,2024-09-01,7,3.0,Export,455,160.9
C1039,S5040,2024-10-01,2,0.0,Dashboard,418,182.9
C1039,S5040,2024-11-01,4,2.0,Export,1396,269.5
C1039,S5040,2024-12-01,2,1.0,Integrations,198,235.5
C1040,S5041,2024-02-01,16,11.0,Alerts,2316,241.2
C1040,S5041,2024-03-01,8,3.0,Integrations,957,235.6
C1040,S5041,2024-04-01,7,3.0,Export,534,298.0
C1040,S5041,2024-05-01,3,1.0,Alerts,431,176.4
C1040,S5041,2024-06-01,3,0.0,Alerts,3500,338.2
C1040,S5041,2024-07-01,8,5.0,API,2702,237.0
C1040,S5041,2024-08-01,6,4.0,Reports,162,202.8
C1040,S5041,2024-09-01,15,10.0,Dashboard,5091,315.6
C1040,S5041,2024-10-01,10,8.0,Integrations,1361,147.6
C1040,S5041,2024-11-01,7,3.0,API,176,245.4
C1040,S5041,2024-12-01,9,2.0,Export,635,107.8
C1041,S5042,2023-12-01,12,7.0,Integrations,350,338.3
C1041,S5042,2024-01-01,17,5.0,Export,904,270.9
C1041,S5042,2024-02-01,7,4.0,Export,201,80.1
C1041,S5042,2024-03-01,12,6.0,API,22,286.3
C1041,S5042,2024-04-01,6,2.0,Dashboard,2710,303.0
C1041,S5042,2024-05-01,9,7.0,Export,654,142.5
C1041,S5042,2024-06-01,10,7.0,Export,1811,216.5
C1041,S5042,2024-07-01,9,5.0,API,5357,244.9
C1041,S5042,2024-08-01,4,3.0,Alerts,1241,227.3
C1041,S5042,2024-09-01,11,4.0,API,1597,349.6
C1041,S5042,2024-10-01,2,0.0,Reports,846,66.0
C1041,S5042,2024-11-01,7,4.0,API,318,250.1
C1041,S5042,2024-12-01,5,2.0,Integrations,1415,388.0
C1042,S5043,2023-05-01,13,11.0,Export,499,232.1
C1042,S5043,2023-06-01,21,14.0,Dashboard,1149,268.5
C1042,S5043,2023-07-01,20,10.0,Export,1057,109.6
C1042,S5043,2023-08-01,17,10.0,Alerts,7017,196.2
C1042,S5043,2023-09-01,14,9.0,Alerts,3800,267.2
C1042,S5043,2023-10-01,11,7.0,Export,241,385.1
C1042,S5043,2023-11-01,17,5.0,Alerts,2788,376.1
C1042,S5043,2023-12-01,16,5.0,Export,144,239.2
C1042,S5043,2024-01-01,13,7.0,Reports,674,248.7
C1042,S5043,2024-02-01,18,14.0,API,717,241.4
C1042,S5043,2024-03-01,19,12.0,API,897,208.3
C1042,S5043,2024-04-01,17,11.0,Reports,17,162.2
C1042,S5043,2024-05-01,15,11.0,Export,4245,316.9
C1042,S5043,2024-06-01,20,11.0,API,58,233.3
C1042,S5043,2024-07-01,18,12.0,Alerts,669,276.3
C1042,S5043,2024-08-01,8,5.0,Export,101,280.6
C1042,S5043,2024-09-01,10,3.0,Integrations,530,431.4
C1042,S5043,2024-10-01,21,9.0,API,3099,259.3
C1042,S5043,2024-11-01,11,9.0,Integrations,1771,214.5
C1042,S5043,2024-12-01,12,8.0,Dashboard,3689,248.8
C1043,S5044,2023-07-01,21,16.0,Reports,1169,338.8
C1043,S5044,2023-08-01,12,8.0,Alerts,1639,341.5
C1043,S5044,2023-09-01,13,8.0,Reports,428,219.8
C1043,S5044,2023-10-01,11,9.0,API,1949,271.1
C1043,S5044,2023-11-01,16,8.0,Alerts,42,149.3
C1043,S5044,2023-12-01,14,9.0,Reports,902,249.3
C1043,S5044,2024-01-01,8,4.0,Integrations,238,142.5
C1043,S5044,2024-02-01,12,4.0,Export,49,216.9
C1043,S5044,2024-03-01,8,3.0,Export,534,263.9
C1043,S5044,2024-04-01,9,7.0,Alerts,1087,234.3
C1043,S5044,2024-05-01,4,2.0,Dashboard,692,194.1
C1043,S5044,2024-06-01,10,3.0,Dashboard,168,187.6
C1043,S5044,2024-07-01,1,0.0,Dashboard,2284,91.2
C1043,S5044,2024-08-01,13,8.0,Export,186,52.1
C1043,S5044,2024-09-01,6,4.0,Export,976,72.2
C1043,S5044,2024-10-01,5,3.0,Dashboard,383,24.8
C1043,S5044,2024-11-01,6,2.0,Reports,227,165.2
C1043,S5044,2024-12-01,4,1.0,Reports,446,85.6
C1044,S5045,2024-07-01,22,16.0,Integrations,3217,160.2
C1044,S5045,2024-08-01,11,4.0,Integrations,115,156.1
C1044,S5045,2024-09-01,17,7.0,Dashboard,187,227.9
C1044,S5045,2024-10-01,9,6.0,Dashboard,143,304.9
C1044,S5045,2024-11-01,11,4.0,API,849,199.8
C1044,S5045,2024-12-01,8,4.0,Integrations,164,36.3
C1045,S5046,2024-06-01,10,5.0,Dashboard,2128,202.3
C1045,S5046,2024-07-01,7,5.0,Dashboard,2409,266.5
C1045,S5046,2024-08-01,9,2.0,Dashboard,1021,147.7
C1045,S5046,2024-09-01,5,3.0,Integrations,553,117.2
C1045,S5046,2024-10-01,6,2.0,Dashboard,7884,395.3
C1045,S5046,2024-11-01,12,8.0,Integrations,279,278.4
C1045,S5046,2024-12-01,12,5.0,Export,513,281.0
C1046,S5047,2023-09-01,3,1.0,Integrations,23,112.2
C1046,S5047,2023-10-01,3,1.0,Integrations,3385,321.8
C1046,S5047,2023-11-01,2,0.0,API,1288,118.7
C1046,S5047,2023-12-01,4,1.0,API,523,59.1
C1046,S5047,2024-01-01,2,0.0,Alerts,533,307.7
C1046,S5047,2024-02-01,2,0.0,Integrations,203,141.1
C1046,S5047,2024-03-01,4,3.0,Reports,2147,271.8
C1046,S5047,2024-04-01,2,1.0,Dashboard,490,267.2
C1046,S5047,2024-05-01,2,1.0,Reports,302,194.6
C1046,S5047,2024-06-01,3,1.0,Alerts,800,188.1
C1046,S5047,2024-07-01,3,0.0,Dashboard,101,245.4
C1046,S5047,2024-08-01,0,0.0,Integrations,67,127.5
C1046,S5047,2024-09-01,0,0.0,Reports,318,0.0
C1046,S5047,2024-10-01,1,0.0,Alerts,1948,107.2
C1046,S5047,2024-11-01,2,0.0,Alerts,38,124.1
C1046,S5047,2024-12-01,2,1.0,Dashboard,177,66.1
C1047,S5048,2024-06-01,23,18.0,API,97,280.7
C1047,S5048,2024-07-01,25,9.0,Dashboard,180,254.5
C1047,S5048,2024-08-01,25,11.0,Alerts,431,214.1
C1047,S5048,2024-09-01,18,6.0,Dashboard,1175,313.4
C1047,S5048,2024-10-01,18,13.0,Reports,2338,226.7
C1047,S5048,2024-11-01,12,4.0,Integrations,2562,180.6
C1047,S5048,2024-12-01,19,11.0,API,1212,166.2
C1048,S5049,2023-07-01,3,2.0,Alerts,4031,239.6
C1048,S5049,2023-08-01,5,4.0,API,610,101.4
C1048,S5049,2023-09-01,4,3.0,Export,2790,117.6
C1048,S5049,2023-10-01,0,0.0,Alerts,1700,70.5
C1048,S5049,2023-11-01,8,4.0,Alerts,1011,263.5
C1048,S5049,2023-12-01,4,1.0,Integrations,2026,190.1
C1048,S5049,2024-01-01,3,1.0,Reports,1110,30.3
C1048,S5049,2024-02-01,2,0.0,Export,151,326.9
C1048,S5049,2024-03-01,3,1.0,Export,566,305.4
C1048,S5049,2024-04-01,3,1.0,Integrations,261,360.2
C1048,S5049,2024-05-01,4,2.0,API,792,80.4
C1048,S5049,2024-06-01,5,2.0,Export,482,116.7
C1048,S5049,2024-07-01,2,0.0,API,757,203.2
C1048,S5049,2024-08-01,3,2.0,Integrations,1329,182.7
C1048,S5049,2024-09-01,2,1.0,Dashboard,3510,158.5
C1048,S5049,2024-10-01,2,1.0,Alerts,3935,280.0
C1048,S5049,2024-11-01,4,1.0,Alerts,1227,213.4
C1048,S5049,2024-12-01,5,3.0,Alerts,2047,238.5
C1049,S5050,2024-10-01,7,4.0,Export,3526,291.6
C1049,S5050,2024-11-01,12,6.0,API,1336,169.8
C1049,S5050,2024-12-01,13,8.0,Export,396,224.5
C1050,S5052,2023-07-01,8,4.0,Dashboard,853,287.0
C1050,S5052,2023-08-01,13,7.0,Alerts,963,102.8
C1050,S5052,2023-09-01,9,5.0,API,159,401.7
C1050,S5052,2023-10-01,9,5.0,Alerts,592,297.6
C1050,S5052,2023-11-01,4,2.0,Dashboard,1055,46.8
C1050,S5052,2023-12-01,13,5.0,Integrations,479,149.7
C1050,S5053,2024-02-01,9,2.0,Alerts,1821,357.8
C1050,S5053,2024-03-01,12,6.0,Alerts,668,77.4
C1050,S5053,2024-04-01,11,7.0,Dashboard,147,267.7
C1050,S5053,2024-05-01,6,5.0,Integrations,483,237.2
C1050,S5053,2024-06-01,7,3.0,Export,418,16.8
C1051,S5054,2024-08-01,17,11.0,Export,2248,222.5
C1051,S5054,2024-09-01,18,8.0,Reports,513,227.5
C1051,S5054,2024-10-01,19,10.0,Integrations,1106,371.4
C1051,S5054,2024-11-01,20,15.0,Export,725,246.7
C1051,S5054,2024-12-01,18,8.0,Reports,176,218.2
C1052,S5055,2024-05-01,10,6.0,Reports,865,320.0
C1052,S5055,2024-06-01,6,4.0,API,574,375.2
C1052,S5055,2024-07-01,9,6.0,Dashboard,2307,320.1
C1052,S5055,2024-08-01,16,12.0,Reports,802,85.9
C1052,S5055,2024-09-01,10,6.0,Export,2128,226.7
C1052,S5055,2024-10-01,13,8.0,Alerts,2155,194.4
C1052,S5055,2024-11-01,13,6.0,Dashboard,1009,318.8
C1052,S5055,2024-12-01,15,11.0,Reports,883,290.8
C1053,S5056,2023-05-01,7,4.0,Integrations,4276,102.2
C1053,S5056,2023-06-01,9,7.0,Alerts,34,258.4
C1053,S5056,2023-07-01,5,1.0,Dashboard,97,223.3
C1053,S5056,2023-08-01,8,4.0,Alerts,1571,77.4
C1053,S5056,2023-09-01,7,4.0,Alerts,5,380.4
C1053,S5056,2023-10-01,7,4.0,Reports,123,208.5
C1053,S5056,2023-11-01,7,3.0,Reports,523,106.4
C1053,S5056,2023-12-01,9,5.0,Reports,340,69.7
C1053,S5056,2024-01-01,5,2.0,Export,301,112.1
C1053,S5056,2024-02-01,4,3.0,Export,57,133.8
C1053,S5056,2024-03-01,4,1.0,API,149,2.8
C1053,S5056,2024-04-01,2,0.0,Reports,251,106.1
C1053,S5056,2024-05-01,4,1.0,Export,166,127.4
C1053,S5056,2024-06-01,4,3.0,Export,64,0.0
C1053,S5056,2024-07-01,2,1.0,Integrations,136,108.9
C1054,S5057,2024-11-01,8,5.0,Dashboard,3414,442.9
C1054,S5057,2024-12-01,6,4.0,Integrations,1496,382.0
C1055,S5058,2023-03-01,9,4.0,Integrations,3961,212.7
C1055,S5058,2023-04-01,4,2.0,Integrations,1411,212.2
C1055,S5058,2023-05-01,11,4.0,API,986,72.8
C1055,S5058,2023-06-01,6,4.0,Dashboard,4124,123.7
C1055,S5058,2023-07-01,13,6.0,Reports,334,206.6
C1055,S5058,2023-08-01,11,8.0,Reports,1894,155.3
C1055,S5058,2023-09-01,15,4.0,Integrations,327,182.5
C1055,S5058,2023-10-01,13,8.0,Integrations,1,273.2
C1055,S5058,2023-11-01,6,3.0,Reports,309,166.4
C1055,S5058,2023-12-01,3,2.0,Dashboard,445,156.4
C1055,S5058,2024-01-01,8,2.0,Alerts,2632,213.0
C1055,S5058,2024-02-01,10,4.0,Reports,477,23.2
C1055,S5058,2024-03-01,7,5.0,Alerts,880,87.9
C1055,S5058,2024-04-01,5,4.0,Reports,165,63.0
C1055,S5058,2024-05-01,5,1.0,Reports,449,124.4
C1055,S5058,2024-06-01,3,1.0,Export,391,55.4
C1055,S5058,2024-07-01,3,1.0,Reports,1162,188.5
C1055,S5058,2024-08-01,2,1.0,API,545,104.7
C1056,S5059,2024-07-01,2,0.0,Export,892,311.2
C1056,S5059,2024-08-01,2,1.0,Integrations,720,238.3
C1056,S5059,2024-09-01,3,2.0,Alerts,8947,258.4
C1056,S5059,2024-10-01,3,1.0,Export,714,284.9
C1056,S5059,2024-11-01,2,1.0,Dashboard,2314,302.9
C1056,S5059,2024-12-01,2,1.0,Dashboard,510,286.0
C1057,S5060,2023-11-01,23,11.0,Reports,856,253.0
C1057,S5060,2023-12-01,17,7.0,Alerts,1469,341.5
C1057,S5060,2024-01-01,21,10.0,Reports,473,298.5
C1057,S5060,2024-02-01,14,6.0,Alerts,2485,262.6
C1057,S5060,2024-03-01,16,10.0,API,1524,85.8
C1057,S5060,2024-04-01,20,13.0,Dashboard,633,190.3
C1057,S5060,2024-05-01,18,13.0,Integrations,1062,247.3
C1057,S5060,2024-06-01,19,7.0,Export,4,317.1
C1057,S5060,2024-07-01,22,14.0,Export,2473,357.7
C1057,S5060,2024-08-01,18,6.0,Dashboard,475,124.4
C1057,S5060,2024-09-01,16,7.0,Dashboard,1180,248.0
C1057,S5060,2024-10-01,14,9.0,Export,596,97.0
C1057,S5060,2024-11-01,25,14.0,Export,143,160.6
C1057,S5060,2024-12-01,17,9.0,Integrations,1015,93.3
C1058,S5061,2024-08-01,16,12.0,Alerts,1488,188.0
C1058,S5061,2024-09-01,6,2.0,Alerts,1794,9.3
C1058,S5061,2024-10-01,12,4.0,Integrations,83,300.2
C1058,S5061,2024-11-01,6,2.0,Alerts,66,71.8
C1058,S5061,2024-12-01,5,3.0,API,572,154.7
C1059,S5062,2024-07-01,16,13.0,Integrations,1492,208.8
C1059,S5062,2024-08-01,28,20.0,Reports,381,313.2
C1059,S5062,2024-09-01,12,7.0,Export,1128,251.2
C1059,S5062,2024-10-01,18,12.0,Dashboard,195,311.6
C1059,S5062,2024-11-01,21,8.0,API,1499,205.2
C1059,S5062,2024-12-01,18,11.0,Dashboard,304,297.3
C1060,S5063,2023-07-01,13,6.0,Alerts,1174,286.3
C1060,S5063,2023-08-01,20,12.0,Export,76,131.9
C1060,S5063,2023-09-01,21,17.0,API,816,253.9
C1060,S5063,2023-10-01,28,13.0,Integrations,1415,192.0
C1060,S5063,2023-11-01,17,12.0,Alerts,7924,234.6
C1060,S5063,2023-12-01,35,18.0,Dashboard,3179,228.1
C1060,S5063,2024-01-01,26,19.0,API,1239,306.4
C1060,S5063,2024-02-01,22,12.0,Dashboard,722,457.2
C1060,S5063,2024-03-01,19,15.0,Reports,2459,223.5
C1060,S5063,2024-04-01,21,10.0,Reports,597,368.8
C1060,S5063,2024-05-01,30,13.0,Reports,105,117.4
C1060,S5063,2024-06-01,23,13.0,Integrations,385,222.4
C1060,S5063,2024-07-01,19,7.0,Alerts,4374,210.7
C1060,S5063,2024-08-01,19,11.0,API,118,99.6
C1060,S5063,2024-09-01,19,14.0,Integrations,8,392.1
C1060,S5063,2024-10-01,18,7.0,Dashboard,6522,214.3
C1060,S5063,2024-11-01,18,15.0,Alerts,65,187.1
C1060,S5063,2024-12-01,17,10.0,API,613,248.4
C1061,S5064,2023-06-01,13,4.0,Integrations,2384,251.4
C1061,S5064,2023-07-01,6,4.0,Alerts,203,290.4
C1061,S5064,2023-08-01,10,5.0,Alerts,975,169.8
C1061,S5064,2023-09-01,19,13.0,API,75,349.7
C1061,S5064,2023-10-01,27,20.0,Export,568,337.3
C1061,S5064,2023-11-01,10,5.0,Alerts,582,223.1
C1061,S5064,2023-12-01,15,12.0,Dashboard,402,270.5
C1061,S5064,2024-01-01,16,6.0,API,509,72.0
C1061,S5064,2024-02-01,13,6.0,Reports,47,201.7
C1061,S5064,2024-03-01,13,5.0,Dashboard,379,216.8
C1061,S5064,2024-04-01,16,12.0,Reports,1265,354.0
C1061,S5064,2024-05-01,14,10.0,Reports,1015,331.3
C1061,S5064,2024-06-01,13,9.0,Export,1148,217.2
C1061,S5064,2024-07-01,9,6.0,Dashboard,298,197.2
C1061,S5064,2024-08-01,15,8.0,Integrations,636,246.4
C1061,S5064,2024-09-01,12,7.0,Alerts,1107,341.9
C1061,S5064,2024-10-01,18,12.0,Alerts,2893,313.7
C1061,S5064,2024-11-01,15,8.0,API,1348,320.2
C1061,S5064,2024-12-01,12,6.0,Integrations,680,450.6
C1062,S5065,2023-06-01,3,1.0,Integrations,1228,253.2
C1062,S5065,2023-07-01,2,1.0,Dashboard,1489,70.6
C1062,S5065,2023-08-01,1,0.0,Reports,229,114.2
C1063,S5066,2023-06-01,10,4.0,Reports,2900,278.4
C1063,S5066,2023-07-01,7,2.0,Integrations,1985,225.5
C1063,S5066,2023-08-01,5,4.0,Dashboard,909,74.4
C1063,S5066,2023-09-01,3,1.0,Reports,1013,114.2
C1063,S5066,2023-10-01,8,3.0,Export,854,33.7
C1063,S5066,2023-11-01,5,2.0,API,2173,148.1
C1063,S5066,2023-12-01,8,5.0,Reports,665,192.8
C1063,S5066,2024-01-01,0,0.0,Dashboard,957,160.2
C1063,S5066,2024-02-01,4,3.0,Export,866,101.2
C1063,S5066,2024-03-01,2,1.0,API,55,132.1
C1064,S5067,2024-03-01,8,3.0,API,523,255.0
C1064,S5067,2024-04-01,9,3.0,Export,3280,222.9
C1064,S5067,2024-05-01,9,6.0,Export,192,373.7
C1064,S5067,2024-06-01,10,4.0,Export,2920,290.6
C1064,S5067,2024-07-01,9,4.0,Export,989,309.5
C1064,S5067,2024-08-01,10,5.0,Alerts,239,141.3
C1064,S5067,2024-09-01,8,2.0,API,1899,313.0
C1064,S5067,2024-10-01,12,9.0,Alerts,1052,183.3
C1064,S5067,2024-11-01,7,2.0,Integrations,1870,200.4
C1064,S5067,2024-12-01,6,1.0,Dashboard,3062,256.3
C1065,S5068,2023-10-01,10,4.0,Integrations,1138,347.9
C1065,S5068,2023-11-01,4,2.0,Export,2412,186.6
C1065,S5068,2023-12-01,8,4.0,Alerts,76,330.0
C1065,S5068,2024-01-01,7,3.0,Alerts,1106,232.6
C1065,S5068,2024-02-01,6,3.0,Reports,1207,239.6
C1065,S5068,2024-03-01,4,1.0,Alerts,1189,187.5
C1065,S5068,2024-04-01,4,3.0,Alerts,27,198.0
C1065,S5068,2024-05-01,6,4.0,Alerts,53,166.7
C1065,S5068,2024-06-01,3,2.0,Alerts,1961,232.0
C1065,S5068,2024-07-01,4,1.0,API,2108,348.5
C1065,S5068,2024-08-01,8,2.0,Integrations,1890,367.8
C1065,S5068,2024-09-01,3,2.0,Dashboard,182,298.0
C1065,S5068,2024-10-01,6,3.0,Alerts,3191,352.6
C1065,S5068,2024-11-01,8,7.0,Dashboard,646,312.5
C1065,S5068,2024-12-01,9,6.0,API,2644,297.4
C1066,S5069,2024-07-01,4,1.0,Integrations,487,236.8
C1066,S5069,2024-08-01,3,0.0,Alerts,2614,142.8
C1066,S5069,2024-09-01,6,3.0,Dashboard,2827,211.1
C1066,S5069,2024-10-01,2,0.0,API,1112,214.1
C1066,S5069,2024-11-01,11,7.0,Export,1174,359.5
C1066,S5069,2024-12-01,6,5.0,API,752,243.4
C1067,S5070,2024-02-01,9,4.0,Reports,4324,248.3
C1067,S5070,2024-03-01,16,8.0,Reports,3054,197.1
C1067,S5070,2024-04-01,8,2.0,Dashboard,3300,122.9
C1067,S5070,2024-05-01,8,4.0,Dashboard,42,201.9
C1067,S5070,2024-06-01,11,7.0,Dashboard,183,166.6
C1067,S5070,2024-07-01,10,4.0,API,1576,145.3
C1067,S5070,2024-08-01,17,15.0,API,1135,427.2
C1067,S5070,2024-09-01,14,8.0,Integrations,2324,341.1
C1067,S5070,2024-10-01,10,7.0,Reports,3745,246.3
C1067,S5070,2024-11-01,15,9.0,API,2024,192.5
C1067,S5070,2024-12-01,21,15.0,Alerts,1832,71.7
C1068,S5071,2024-11-01,1,0.0,Alerts,778,272.9
C1068,S5071,2024-12-01,4,1.0,Reports,513,352.7
C1069,S5072,2023-08-01,13,4.0,API,2374,242.7
C1069,S5072,2023-09-01,13,11.0,Dashboard,249,325.5
C1069,S5072,2023-10-01,11,4.0,Integrations,831,207.4
C1069,S5072,2023-11-01,13,6.0,Reports,2138,236.1
C1069,S5072,2023-12-01,16,10.0,Integrations,944,194.9
C1069,S5072,2024-01-01,15,10.0,Alerts,1300,319.9
C1069,S5072,2024-02-01,21,6.0,Alerts,246,283.4
C1069,S5072,2024-03-01,21,15.0,Dashboard,170,443.3
C1069,S5072,2024-04-01,13,4.0,Dashboard,671,413.8
C1069,S5072,2024-05-01,11,7.0,Export,1183,91.8
C1069,S5072,2024-06-01,21,7.0,API,1943,356.0
C1069,S5072,2024-07-01,12,7.0,Alerts,240,138.6
C1069,S5072,2024-08-01,13,9.0,Export,181,249.6
C1069,S5072,2024-09-01,15,9.0,Dashboard,593,214.7
C1069,S5072,2024-10-01,22,14.0,API,3209,161.7
C1069,S5072,2024-11-01,12,7.0,Integrations,245,259.3
C1069,S5072,2024-12-01,20,11.0,Alerts,615,410.2
C1071,S5074,2024-09-01,26,16.0,Reports,655,247.9
C1071,S5074,2024-10-01,15,4.0,Export,1170,205.9
C1071,S5074,2024-11-01,23,10.0,Reports,5347,293.8
C1071,S5074,2024-12-01,18,11.0,Integrations,189,221.7
C1072,S5075,2023-04-01,13,9.0,Dashboard,2008,90.4
C1072,S5075,2023-05-01,13,4.0,Alerts,2937,126.0
C1072,S5075,2023-06-01,21,12.0,Integrations,1495,258.7
C1072,S5075,2023-07-01,19,8.0,Reports,270,187.2
C1072,S5075,2023-08-01,21,16.0,Integrations,360,195.0
C1072,S5075,2023-09-01,13,10.0,Alerts,757,227.1
C1072,S5075,2023-10-01,20,7.0,API,8564,258.7
C1072,S5075,2023-11-01,22,16.0,Reports,126,77.0
C1072,S5075,2023-12-01,17,10.0,Alerts,1621,268.7
C1072,S5075,2024-01-01,24,20.0,Dashboard,3203,175.8
C1072,S5075,2024-02-01,14,11.0,API,1699,240.2
C1072,S5075,2024-03-01,21,15.0,API,5132,270.7
C1072,S5075,2024-04-01,17,13.0,API,645,147.4
C1072,S5075,2024-05-01,16,5.0,Dashboard,1236,344.9
C1072,S5075,2024-06-01,14,7.0,API,4143,217.0
C1072,S5075,2024-07-01,21,15.0,Alerts,110,328.6
C1072,S5075,2024-08-01,13,6.0,Alerts,753,294.2
C1072,S5075,2024-09-01,17,6.0,Export,1022,380.5
C1072,S5075,2024-10-01,22,8.0,Reports,1211,220.9
C1072,S5075,2024-11-01,10,5.0,Integrations,4408,188.1
C1072,S5075,2024-12-01,20,8.0,Dashboard,4224,382.1
C1073,S5076,2023-08-01,9,8.0,Dashboard,3704,301.1
C1073,S5076,2023-09-01,6,2.0,Reports,3077,259.6
C1073,S5076,2023-10-01,5,4.0,API,683,225.8
C1073,S5076,2023-11-01,8,3.0,Integrations,323,85.3
C1073,S5076,2023-12-01,12,4.0,Export,4117,252.6
C1073,S5076,2024-01-01,11,5.0,Dashboard,329,252.1
C1073,S5076,2024-02-01,13,8.0,Integrations,5,277.4
C1073,S5076,2024-03-01,6,3.0,Dashboard,4532,107.8
C1073,S5076,2024-04-01,10,8.0,Dashboard,570,485.9
C1073,S5076,2024-05-01,14,12.0,Alerts,95,251.3
C1073,S5076,2024-06-01,10,8.0,Alerts,599,368.8
C1073,S5076,2024-07-01,7,5.0,Export,2516,338.7
C1073,S5076,2024-08-01,6,2.0,Export,1038,431.5
C1073,S5076,2024-09-01,8,6.0,Export,444,348.1
C1073,S5076,2024-10-01,10,3.0,Dashboard,91,199.4
C1073,S5076,2024-11-01,8,3.0,Integrations,5830,297.3
C1073,S5076,2024-12-01,7,2.0,Export,2043,216.2
C1074,S5077,2024-10-01,9,6.0,Dashboard,2471,258.1
C1074,S5077,2024-11-01,5,2.0,Alerts,169,132.8
C1074,S5077,2024-12-01,8,4.0,Dashboard,699,256.1
C1075,S5078,2024-05-01,7,3.0,Export,2642,146.1
C1075,S5078,2024-06-01,7,5.0,Dashboard,663,128.5
C1075,S5078,2024-07-01,3,2.0,API,1191,283.9
C1075,S5078,2024-08-01,8,3.0,API,3215,272.7
C1075,S5078,2024-09-01,3,2.0,Dashboard,1475,187.2
C1075,S5078,2024-10-01,6,4.0,Alerts,3254,286.3
C1075,S5078,2024-11-01,1,0.0,Export,9,319.4
C1075,S5078,2024-12-01,4,3.0,Reports,288,406.5
C1076,S5079,2024-05-01,15,8.0,Reports,937,243.1
C1076,S5079,2024-06-01,19,6.0,Alerts,79,224.4
C1076,S5079,2024-07-01,14,7.0,API,182,106.7
C1076,S5079,2024-08-01,12,6.0,Reports,433,172.5
C1076,S5079,2024-09-01,13,11.0,Reports,474,174.2
C1076,S5079,2024-10-01,6,1.0,API,1160,175.2
C1076,S5079,2024-11-01,10,4.0,Integrations,382,47.9
C1076,S5079,2024-12-01,8,3.0,API,93,52.6
C1077,S5081,2024-03-01,7,2.0,Dashboard,1419,214.2
C1077,S5081,2024-04-01,5,2.0,Dashboard,2437,113.2
C1077,S5081,2024-05-01,4,2.0,Alerts,202,314.9
C1077,S5081,2024-06-01,3,0.0,Export,630,168.0
C1077,S5081,2024-07-01,12,8.0,Dashboard,4358,338.6
C1077,S5081,2024-08-01,7,4.0,API,402,118.6
C1077,S5081,2024-09-01,4,2.0,Export,2264,244.8
C1077,S5081,2024-10-01,10,7.0,Dashboard,1223,188.7
C1077,S5081,2024-11-01,7,5.0,Alerts,6128,348.9
C1077,S5081,2024-12-01,5,3.0,Export,2766,267.7
C1078,S5082,2024-03-01,6,3.0,Alerts,6082,225.7
C1078,S5082,2024-04-01,4,1.0,Integrations,580,164.3
C1078,S5082,2024-05-01,1,0.0,Dashboard,540,143.0
C1078,S5082,2024-06-01,4,1.0,Reports,1269,177.4
C1078,S5082,2024-07-01,3,1.0,API,154,298.3
C1078,S5082,2024-08-01,7,4.0,Dashboard,921,192.5
C1078,S5082,2024-09-01,1,0.0,Alerts,1806,263.9
C1078,S5082,2024-10-01,2,1.0,API,3,187.0
C1078,S5082,2024-11-01,2,1.0,Export,499,254.0
C1078,S5082,2024-12-01,2,1.0,Alerts,282,374.4
C1079,S5083,2024-07-01,10,6.0,Integrations,570,111.1
C1079,S5083,2024-08-01,13,6.0,Export,1341,288.4
C1079,S5083,2024-09-01,14,7.0,Integrations,1538,331.0
C1079,S5083,2024-10-01,6,4.0,Export,635,187.9
C1079,S5083,2024-11-01,13,7.0,API,4343,167.6
C1079,S5083,2024-12-01,17,13.0,Reports,288,222.6
C1080,S5084,2024-05-01,1,0.0,Export,737,116.9
C1080,S5084,2024-06-01,3,1.0,Integrations,1675,249.7
C1080,S5084,2024-07-01,9,6.0,Export,4041,179.1
C1080,S5084,2024-08-01,3,2.0,Dashboard,722,150.6
C1080,S5084,2024-09-01,6,3.0,Export,1509,229.0
C1080,S5084,2024-10-01,3,1.0,Reports,16,339.4
C1080,S5084,2024-11-01,3,1.0,Alerts,2076,273.4
C1080,S5084,2024-12-01,1,0.0,API,234,279.1
C1081,S5085,2024-04-01,4,2.0,API,1655,281.6
C1081,S5085,2024-05-01,2,0.0,Export,1224,315.4
C1081,S5085,2024-06-01,3,2.0,API,1051,301.3
C1081,S5085,2024-07-01,6,3.0,Export,25,249.3
C1081,S5085,2024-08-01,2,0.0,Export,36,207.1
C1081,S5085,2024-09-01,0,0.0,Dashboard,97,155.5
C1081,S5085,2024-10-01,1,0.0,Integrations,1175,252.9
C1081,S5085,2024-11-01,0,0.0,Dashboard,726,135.7
C1081,S5085,2024-12-01,3,1.0,Reports,790,265.9
C1082,S5086,2024-06-01,13,7.0,Integrations,79,289.3
C1082,S5086,2024-07-01,17,7.0,Dashboard,1128,477.1
C1082,S5086,2024-08-01,11,9.0,Reports,1938,118.7
C1082,S5086,2024-09-01,11,4.0,Reports,680,390.0
C1082,S5086,2024-10-01,7,2.0,Dashboard,4525,342.7
C1082,S5086,2024-11-01,20,7.0,Alerts,247,242.7
C1082,S5086,2024-12-01,13,5.0,Export,32,133.6
C1083,S5087,2024-03-01,9,6.0,Reports,5908,271.7
C1083,S5087,2024-04-01,6,2.0,Alerts,57,88.5
C1083,S5087,2024-05-01,10,8.0,Export,1083,113.1
C1083,S5087,2024-06-01,6,3.0,Dashboard,2552,317.3
C1083,S5087,2024-07-01,4,1.0,Dashboard,2393,239.6
C1083,S5087,2024-08-01,12,5.0,Integrations,57,379.3
C1083,S5087,2024-09-01,1,0.0,Integrations,1207,317.9
C1083,S5087,2024-10-01,5,1.0,Reports,917,332.0
C1083,S5087,2024-11-01,7,4.0,Reports,6714,254.9
C1083,S5087,2024-12-01,3,1.0,Integrations,1088,302.0
C1085,S5089,2023-06-01,16,12.0,Integrations,990,205.0
C1085,S5089,2023-07-01,13,9.0,Integrations,277,189.0
C1085,S5089,2023-08-01,15,5.0,Reports,1038,184.4
C1085,S5089,2023-09-01,20,14.0,API,1913,198.4
C1085,S5089,2023-10-01,9,3.0,API,525,203.8
C1085,S5089,2023-11-01,13,5.0,API,307,151.9
C1085,S5089,2023-12-01,10,8.0,Alerts,270,124.2
C1085,S5089,2024-01-01,13,4.0,Alerts,425,12.4
C1086,S5090,2023-04-01,1,0.0,Alerts,1985,205.3
C1086,S5090,2023-05-01,2,1.0,Integrations,193,207.0
C1086,S5090,2023-06-01,3,1.0,Export,278,190.5
C1086,S5090,2023-07-01,3,2.0,Alerts,720,285.6
C1086,S5090,2023-08-01,1,0.0,API,992,222.9
C1086,S5090,2023-09-01,0,0.0,Reports,167,157.6
C1086,S5090,2023-10-01,4,1.0,Export,248,160.5
C1086,S5090,2023-11-01,2,1.0,Dashboard,3263,333.5
C1086,S5090,2023-12-01,3,1.0,Export,502,186.4
C1086,S5090,2024-01-01,5,4.0,Integrations,361,409.5
C1086,S5090,2024-02-01,3,1.0,Reports,771,191.5
C1086,S5090,2024-03-01,1,0.0,API,2833,155.6
C1086,S5090,2024-04-01,2,1.0,Integrations,410,360.1
C1086,S5090,2024-05-01,4,2.0,API,266,316.9
C1086,S5090,2024-06-01,0,0.0,API,1587,152.1
C1086,S5090,2024-07-01,5,4.0,Export,105,280.6
C1086,S5090,2024-08-01,1,0.0,Dashboard,2195,331.8
C1086,S5090,2024-09-01,2,1.0,Integrations,1759,245.2
C1086,S5090,2024-10-01,2,1.0,API,3155,242.9
C1086,S5090,2024-11-01,1,0.0,Integrations,788,193.1
C1086,S5090,2024-12-01,1,0.0,API,1445,360.2
C1087,S5091,2024-11-01,4,2.0,Reports,4880,204.7
C1087,S5091,2024-12-01,6,4.0,Export,51,164.3
C1088,S5092,2023-06-01,2,0.0,Dashboard,793,153.1
C1088,S5092,2023-07-01,2,1.0,Alerts,125,205.0
C1088,S5092,2023-08-01,6,4.0,Export,772,143.7
C1088,S5092,2023-09-01,4,2.0,API,5840,291.4
C1088,S5092,2023-10-01,3,1.0,Export,85,165.3
C1088,S5092,2023-11-01,3,1.0,Export,95,132.9
C1088,S5092,2023-12-01,5,3.0,Integrations,305,273.7
C1088,S5092,2024-01-01,4,3.0,Export,1427,291.4
C1088,S5092,2024-02-01,3,1.0,Integrations,395,415.9
C1088,S5092,2024-03-01,4,3.0,Alerts,1671,165.9
C1088,S5092,2024-04-01,2,1.0,Dashboard,1091,231.2
C1088,S5092,2024-05-01,6,4.0,API,260,333.1
C1088,S5092,2024-06-01,6,2.0,Reports,976,241.3
C1088,S5092,2024-07-01,1,0.0,API,222,349.6
C1088,S5092,2024-08-01,2,1.0,Dashboard,5229,219.3
C1088,S5092,2024-09-01,2,0.0,Reports,706,206.0
C1088,S5092,2024-10-01,6,3.0,Reports,3031,166.5
C1088,S5092,2024-11-01,2,1.0,Integrations,2040,175.2
C1088,S5092,2024-12-01,2,0.0,Alerts,772,211.6
C1089,S5093,2024-05-01,2,1.0,Integrations,833,258.0
C1089,S5093,2024-06-01,1,0.0,Reports,1777,360.0
C1089,S5093,2024-07-01,3,2.0,Alerts,2119,383.7
C1089,S5093,2024-08-01,4,1.0,Export,197,368.9
C1089,S5093,2024-09-01,1,0.0,Reports,442,287.6
C1089,S5093,2024-10-01,3,1.0,Alerts,71,324.1
C1089,S5093,2024-11-01,5,2.0,Alerts,1973,271.8
C1089,S5093,2024-12-01,3,2.0,Export,2413,309.8
C1090,S5094,2024-10-01,3,1.0,Alerts,212,295.5
C1090,S5094,2024-11-01,4,2.0,Export,394,111.3
C1090,S5094,2024-12-01,2,1.0,Export,1534,145.0
C1091,S5095,2024-11-01,6,3.0,Reports,308,264.2
C1091,S5095,2024-12-01,7,3.0,Export,1341,474.9
C1092,S5096,2024-12-01,7,2.0,API,3097,221.8
C1093,S5097,2023-05-01,10,6.0,Export,38,291.5
C1093,S5097,2023-06-01,14,12.0,Reports,76,317.2
C1093,S5097,2023-07-01,17,5.0,Dashboard,290,306.7
C1093,S5097,2023-08-01,12,5.0,Integrations,560,124.4
C1093,S5097,2023-09-01,9,5.0,API,803,257.5
C1093,S5097,2023-10-01,12,10.0,Integrations,4506,367.5
C1093,S5097,2023-11-01,14,12.0,API,2132,263.4
C1093,S5097,2023-12-01,13,8.0,Alerts,2314,389.3
C1093,S5097,2024-01-01,12,7.0,Dashboard,4617,259.9
C1093,S5097,2024-02-01,15,11.0,Dashboard,2203,464.0
C1093,S5097,2024-03-01,12,8.0,Integrations,297,237.3
C1093,S5097,2024-04-01,13,8.0,Dashboard,250,261.7
C1093,S5097,2024-05-01,13,8.0,Integrations,2008,356.3
C1093,S5097,2024-06-01,19,8.0,Export,1158,205.6
C1093,S5097,2024-07-01,14,6.0,Dashboard,890,257.4
C1093,S5097,2024-08-01,15,7.0,Alerts,1263,68.6
C1093,S5097,2024-09-01,12,10.0,Export,1351,159.4
C1093,S5097,2024-10-01,12,9.0,Dashboard,1224,312.6
C1093,S5097,2024-11-01,13,4.0,API,2955,414.7
C1093,S5097,2024-12-01,12,10.0,Integrations,3654,373.2
C1094,S5098,2023-03-01,14,9.0,Integrations,4490,214.4
C1094,S5098,2023-04-01,22,10.0,API,18,185.2
C1094,S5098,2023-05-01,16,13.0,Reports,0,156.9
C1094,S5098,2023-06-01,13,4.0,Alerts,517,262.6
C1094,S5098,2023-07-01,18,13.0,API,696,307.3
C1094,S5098,2023-08-01,14,9.0,Dashboard,1190,247.1
C1094,S5098,2023-09-01,20,12.0,Dashboard,6583,213.9
C1094,S5098,2023-10-01,16,5.0,Reports,243,182.2
C1094,S5098,2023-11-01,12,8.0,Dashboard,538,250.2
C1094,S5098,2023-12-01,20,9.0,Export,1196,371.3
C1094,S5098,2024-01-01,15,5.0,Reports,350,363.8
C1094,S5098,2024-02-01,18,15.0,API,2824,173.9
C1094,S5098,2024-03-01,15,5.0,Reports,1326,364.8
C1094,S5098,2024-04-01,23,11.0,Integrations,4389,252.6
C1094,S5098,2024-05-01,21,14.0,Dashboard,1468,260.3
C1094,S5098,2024-06-01,18,7.0,Reports,304,276.3
C1094,S5098,2024-07-01,22,13.0,API,3327,388.3
C1094,S5098,2024-08-01,17,5.0,Export,1328,298.4
C1094,S5098,2024-09-01,17,14.0,Export,90,142.4
C1094,S5098,2024-10-01,16,6.0,Integrations,3196,142.7
C1094,S5098,2024-11-01,16,11.0,Integrations,616,201.0
C1094,S5098,2024-12-01,14,8.0,Integrations,301,213.9
C1095,S5099,2023-02-01,9,6.0,Alerts,2307,192.3
C1095,S5099,2023-03-01,4,2.0,Export,312,248.1
C1095,S5099,2023-04-01,8,3.0,Reports,722,209.1
C1095,S5099,2023-05-01,5,1.0,Reports,436,218.6
C1095,S5099,2023-06-01,5,3.0,Export,1573,165.3
C1095,S5099,2023-07-01,11,4.0,API,1112,245.1
C1095,S5099,2023-08-01,7,3.0,Reports,4745,382.4
C1095,S5099,2023-09-01,8,5.0,Dashboard,10,222.0
C1095,S5099,2023-10-01,7,3.0,Reports,457,363.0
C1095,S5099,2023-11-01,9,6.0,Alerts,1464,398.8
C1095,S5099,2023-12-01,3,2.0,API,938,160.4
C1095,S5099,2024-01-01,7,5.0,Export,802,195.6
C1095,S5099,2024-02-01,13,11.0,Dashboard,553,295.3
C1095,S5099,2024-03-01,5,3.0,Export,2078,276.8
C1095,S5099,2024-04-01,8,5.0,Alerts,1728,110.6
C1095,S5099,2024-05-01,6,2.0,API,188,307.6
C1095,S5099,2024-06-01,14,11.0,API,113,102.2
C1095,S5099,2024-07-01,9,4.0,API,2262,175.5
C1095,S5099,2024-08-01,7,3.0,Alerts,1149,265.8
C1095,S5099,2024-09-01,2,1.0,Export,471,238.7
C1095,S5099,2024-10-01,5,3.0,Reports,388,138.0
C1095,S5099,2024-11-01,14,5.0,API,1060,205.5
C1095,S5099,2024-12-01,4,1.0,Reports,597,108.0
C1096,S5100,2024-03-01,13,5.0,API,1688,314.9
C1096,S5100,2024-04-01,18,7.0,Dashboard,274,223.1
C1096,S5100,2024-05-01,18,9.0,API,3393,271.3
C1096,S5100,2024-06-01,21,11.0,Dashboard,1037,233.4
C1096,S5100,2024-07-01,16,9.0,Integrations,153,246.1
C1096,S5100,2024-08-01,10,7.0,Dashboard,2746,329.1
C1096,S5100,2024-09-01,21,14.0,API,1334,217.3
C1096,S5100,2024-10-01,12,4.0,Dashboard,405,265.3
C1096,S5100,2024-11-01,13,4.0,Integrations,3222,239.7
C1096,S5100,2024-12-01,9,5.0,Dashboard,458,209.0
C1097,S5101,2024-12-01,4,2.0,Integrations,142,350.7
C1098,S5102,2024-04-01,12,6.0,Export,6,218.9
C1098,S5102,2024-05-01,13,5.0,Export,29,322.2
C1098,S5102,2024-06-01,7,5.0,Export,324,296.6
C1098,S5102,2024-07-01,6,4.0,Export,621,24.3
C1098,S5102,2024-08-01,9,3.0,Integrations,1053,485.8
C1098,S5102,2024-09-01,6,3.0,Integrations,1151,245.2
C1098,S5102,2024-10-01,6,2.0,Alerts,4829,320.5
C1098,S5102,2024-11-01,9,4.0,Alerts,134,240.8
C1098,S5102,2024-12-01,10,6.0,Reports,2820,405.4
C1099,S5103,2023-02-01,6,2.0,Reports,480,275.3
C1099,S5103,2023-03-01,10,7.0,API,337,214.9
C1099,S5103,2023-04-01,18,6.0,Alerts,2395,119.7
C1099,S5103,2023-05-01,6,4.0,Reports,861,152.1
C1099,S5103,2023-06-01,8,7.0,Alerts,2,181.8
C1099,S5103,2023-07-01,1,0.0,Alerts,201,277.4
C1099,S5103,2023-08-01,5,1.0,Integrations,21,42.4
C1099,S5103,2023-09-01,4,2.0,Integrations,776,257.0
C1099,S5103,2023-10-01,2,1.0,Export,3269,150.3
C1099,S5103,2023-11-01,3,1.0,Alerts,141,103.1
C1099,S5103,2023-12-01,3,1.0,Dashboard,121,118.3
C1099,S5103,2024-01-01,1,0.0,Reports,792,45.9
C1099,S5103,2024-02-01,2,1.0,Alerts,42,0.0
C1100,S5104,2024-07-01,22,10.0,Dashboard,1144,416.8
C1100,S5104,2024-08-01,16,9.0,Integrations,321,156.6
C1100,S5104,2024-09-01,14,8.0,Alerts,800,124.1
C1100,S5104,2024-10-01,11,4.0,Reports,1080,335.1
C1100,S5104,2024-11-01,18,12.0,Export,157,280.3
C1100,S5104,2024-12-01,18,7.0,Export,937,164.7
C1101,S5105,2023-02-01,11,9.0,Integrations,556,290.4
C1101,S5105,2023-03-01,6,5.0,Integrations,487,184.4
C1101,S5105,2023-04-01,7,3.0,Dashboard,455,300.4
C1101,S5105,2023-05-01,13,4.0,Export,645,243.9
C1101,S5105,2023-06-01,5,2.0,API,803,199.0
C1101,S5105,2023-07-01,5,2.0,Export,1086,97.4
C1101,S5105,2023-08-01,5,2.0,Export,88,332.3
C1101,S5105,2023-09-01,8,2.0,Alerts,1747,314.5
C1101,S5105,2023-10-01,12,9.0,Reports,877,282.7
C1101,S5105,2023-11-01,7,2.0,Dashboard,1380,325.9
C1101,S5105,2023-12-01,9,7.0,Integrations,1277,134.9
C1101,S5105,2024-01-01,7,4.0,Dashboard,1381,205.0
C1101,S5105,2024-02-01,9,4.0,Reports,420,235.8
C1101,S5105,2024-03-01,9,7.0,Alerts,4374,190.6
C1101,S5105,2024-04-01,8,5.0,Dashboard,296,326.3
C1101,S5105,2024-05-01,7,2.0,Integrations,181,293.4
C1101,S5105,2024-06-01,5,3.0,API,689,240.7
C1101,S5105,2024-07-01,7,3.0,Integrations,3,298.1
C1101,S5105,2024-08-01,6,2.0,Integrations,1666,100.9
C1101,S5105,2024-09-01,4,3.0,Export,151,284.8
C1101,S5105,2024-10-01,4,2.0,Alerts,464,180.4
C1101,S5105,2024-11-01,9,2.0,Reports,1367,214.6
C1101,S5105,2024-12-01,3,2.0,API,14,345.0
C1102,S5106,2023-03-01,20,16.0,Integrations,520,244.2
C1102,S5106,2023-04-01,10,3.0,API,1365,254.2
C1102,S5106,2023-05-01,17,10.0,API,1136,356.8
C1102,S5106,2023-06-01,15,8.0,Reports,2235,276.0
C1102,S5106,2023-07-01,8,4.0,Reports,484,205.9
C1102,S5106,2023-08-01,19,10.0,API,648,208.7
C1102,S5106,2023-09-01,19,10.0,Integrations,403,185.1
C1102,S5106,2023-10-01,14,7.0,Export,100,302.7
C1102,S5106,2023-11-01,8,4.0,Dashboard,7237,228.7
C1102,S5106,2023-12-01,8,2.0,Dashboard,2336,139.4
C1102,S5106,2024-01-01,20,10.0,Dashboard,167,305.6
C1102,S5106,2024-02-01,14,6.0,Alerts,543,336.7
C1102,S5106,2024-03-01,13,5.0,API,336,66.6
C1102,S5106,2024-04-01,22,10.0,Alerts,3976,292.2
C1102,S5106,2024-05-01,12,10.0,Reports,582,178.0
C1102,S5106,2024-06-01,14,8.0,Reports,23,233.6
C1102,S5106,2024-07-01,22,10.0,Alerts,1324,41.1
C1102,S5106,2024-08-01,16,10.0,Alerts,1109,340.7
C1102,S5106,2024-09-01,17,14.0,API,1246,339.9
C1102,S5106,2024-10-01,12,9.0,Dashboard,144,265.4
C1102,S5106,2024-11-01,20,8.0,Reports,164,258.5
C1102,S5106,2024-12-01,9,7.0,Reports,1442,227.6
C1103,S5107,2023-07-01,11,3.0,Alerts,1831,268.0
C1103,S5107,2023-08-01,18,16.0,Dashboard,102,208.3
C1103,S5107,2023-09-01,9,4.0,Export,936,341.3
C1103,S5107,2023-10-01,10,7.0,Export,220,144.3
C1103,S5107,2023-11-01,14,5.0,Reports,1301,147.2
C1103,S5107,2023-12-01,9,7.0,Reports,55,96.1
C1103,S5107,2024-01-01,14,6.0,Dashboard,159,321.4
C1103,S5107,2024-02-01,15,11.0,Integrations,264,218.8
C1103,S5107,2024-03-01,9,6.0,Dashboard,722,413.5
C1103,S5107,2024-04-01,12,8.0,API,87,269.9
C1103,S5107,2024-05-01,8,6.0,Integrations,3970,361.5
C1103,S5107,2024-06-01,9,6.0,Alerts,1287,191.5
C1103,S5107,2024-07-01,13,9.0,Export,994,328.8
C1103,S5107,2024-08-01,9,6.0,Integrations,2435,144.1
C1103,S5107,2024-09-01,14,12.0,Export,2136,156.8
C1103,S5107,2024-10-01,12,4.0,Dashboard,889,326.9
C1103,S5107,2024-11-01,12,6.0,Integrations,2058,320.7
C1103,S5107,2024-12-01,7,5.0,API,183,276.3
C1104,S5108,2024-10-01,2,0.0,Integrations,14,257.2
C1104,S5108,2024-11-01,4,1.0,API,1495,233.9
C1104,S5108,2024-12-01,8,5.0,Alerts,1670,240.7
C1105,S5109,2023-01-01,11,4.0,Export,367,262.5
C1105,S5109,2023-02-01,10,5.0,API,570,238.1
C1105,S5109,2023-03-01,10,6.0,Integrations,232,251.8
C1105,S5109,2023-04-01,3,2.0,Integrations,1306,200.8
C1105,S5109,2023-05-01,8,2.0,Reports,1657,300.7
C1105,S5109,2023-06-01,11,3.0,Export,720,259.1
C1105,S5109,2023-07-01,6,3.0,Reports,1306,296.1
C1105,S5109,2023-08-01,13,9.0,Reports,2294,313.1
C1105,S5109,2023-09-01,7,4.0,Export,819,385.4
C1105,S5109,2023-10-01,10,8.0,Reports,4276,360.6
C1105,S5109,2023-11-01,11,5.0,Alerts,43,206.0
C1105,S5109,2023-12-01,10,6.0,Reports,3387,292.5
C1105,S5109,2024-01-01,5,4.0,API,485,231.9
C1105,S5109,2024-02-01,10,6.0,API,129,208.2
C1105,S5109,2024-03-01,9,6.0,Dashboard,855,192.9
C1105,S5109,2024-04-01,10,7.0,API,707,204.3
C1105,S5109,2024-05-01,8,4.0,Alerts,3064,321.5
C1105,S5109,2024-06-01,10,3.0,Export,768,238.0
C1105,S5109,2024-07-01,10,6.0,Alerts,2953,242.4
C1105,S5109,2024-08-01,6,4.0,Dashboard,5313,264.8
C1105,S5109,2024-09-01,8,7.0,Reports,249,140.3
C1105,S5109,2024-10-01,14,8.0,Export,2285,344.8
C1105,S5109,2024-11-01,7,2.0,Export,1749,261.7
C1105,S5109,2024-12-01,11,6.0,Alerts,5316,117.6
C1106,S5110,2024-09-01,4,1.0,Alerts,2533,353.1
C1106,S5110,2024-10-01,7,5.0,Alerts,240,280.6
C1106,S5110,2024-11-01,7,5.0,Alerts,451,156.3
C1106,S5110,2024-12-01,1,0.0,Alerts,2024,272.8
C1107,S5111,2023-12-01,15,5.0,Dashboard,702,254.7
C1107,S5111,2024-01-01,11,4.0,Dashboard,846,150.0
C1107,S5111,2024-02-01,5,3.0,Reports,371,147.6
C1107,S5111,2024-03-01,12,5.0,Reports,1091,114.3
C1107,S5111,2024-04-01,13,10.0,API,1989,232.6
C1107,S5111,2024-05-01,11,7.0,API,245,271.9
C1107,S5111,2024-06-01,8,6.0,Dashboard,174,171.0
C1107,S5111,2024-07-01,9,7.0,Integrations,496,104.8
C1107,S5111,2024-08-01,14,5.0,Reports,1587,0.0
C1107,S5111,2024-09-01,9,4.0,Integrations,197,185.7
C1107,S5111,2024-10-01,10,7.0,Integrations,75,0.0
C1107,S5111,2024-11-01,6,2.0,API,935,0.0
C1107,S5111,2024-12-01,8,3.0,API,849,36.9
C1108,S5112,2023-01-01,17,7.0,Reports,1315,178.6
C1108,S5112,2023-02-01,13,9.0,Integrations,55,210.2
C1108,S5112,2023-03-01,16,12.0,Alerts,233,339.3
C1108,S5112,2023-04-01,8,4.0,API,199,220.9
C1108,S5112,2023-05-01,13,10.0,Dashboard,1028,414.7
C1108,S5112,2023-06-01,20,17.0,Export,548,321.3
C1108,S5112,2023-07-01,16,9.0,Reports,761,134.1
C1108,S5112,2023-08-01,17,11.0,API,1197,149.5
C1108,S5112,2023-09-01,11,5.0,Dashboard,1000,254.1
C1108,S5112,2023-10-01,16,11.0,Export,1025,339.6
C1108,S5112,2023-11-01,13,8.0,Export,1086,265.3
C1108,S5112,2023-12-01,12,5.0,Integrations,246,267.9
C1108,S5112,2024-01-01,15,13.0,Reports,1315,276.7
C1108,S5112,2024-02-01,12,5.0,Dashboard,57,339.5
C1108,S5112,2024-03-01,14,7.0,Export,200,247.7
C1108,S5112,2024-04-01,11,3.0,Alerts,993,363.5
C1108,S5112,2024-05-01,14,9.0,API,374,234.9
C1108,S5112,2024-06-01,12,4.0,Export,316,26.8
C1108,S5112,2024-07-01,16,11.0,Dashboard,158,350.0
C1108,S5112,2024-08-01,13,8.0,Dashboard,15,167.4
C1108,S5112,2024-09-01,6,3.0,Integrations,175,200.1
C1108,S5112,2024-10-01,12,6.0,Reports,1040,304.1
C1108,S5112,2024-11-01,9,7.0,Dashboard,301,245.7
C1108,S5112,2024-12-01,13,11.0,Dashboard,1181,102.5
C1109,S5113,2023-02-01,17,10.0,Alerts,165,195.3
C1109,S5113,2023-03-01,15,12.0,Alerts,1503,258.1
C1109,S5113,2023-04-01,14,9.0,Export,311,312.5
C1109,S5113,2023-05-01,11,5.0,Integrations,817,0.0
C1109,S5113,2023-06-01,13,6.0,Export,362,279.7
C1109,S5113,2023-07-01,20,12.0,Export,219,193.1
C1109,S5113,2023-08-01,15,6.0,Integrations,304,173.0
C1109,S5113,2023-09-01,14,11.0,Dashboard,938,276.8
C1109,S5113,2023-10-01,20,14.0,Integrations,749,310.6
C1109,S5113,2023-11-01,20,6.0,API,533,180.0
C1109,S5113,2023-12-01,15,5.0,Alerts,548,286.1
C1109,S5113,2024-01-01,20,11.0,Integrations,1295,246.8
C1109,S5113,2024-02-01,20,9.0,Alerts,91,164.7
C1109,S5113,2024-03-01,22,6.0,API,970,402.2
C1109,S5113,2024-04-01,19,6.0,Integrations,1345,304.6
C1109,S5113,2024-05-01,18,10.0,API,2857,256.2
C1109,S5113,2024-06-01,20,10.0,Alerts,1484,202.3
C1109,S5113,2024-07-01,22,12.0,Reports,4200,324.5
C1109,S5113,2024-08-01,19,15.0,Integrations,664,112.5
C1109,S5113,2024-09-01,19,14.0,Reports,118,140.4
C1109,S5113,2024-10-01,14,10.0,Alerts,306,374.6
C1109,S5113,2024-11-01,15,10.0,Reports,2030,166.2
C1109,S5113,2024-12-01,15,9.0,Export,361,292.2
C1110,S5114,2024-07-01,17,6.0,Reports,1926,309.1
C1110,S5114,2024-08-01,9,6.0,Alerts,3974,392.0
C1110,S5114,2024-09-01,12,9.0,Alerts,638,230.6
C1110,S5114,2024-10-01,10,8.0,Dashboard,839,137.2
C1110,S5114,2024-11-01,11,4.0,Reports,237,450.4
C1110,S5114,2024-12-01,11,4.0,Reports,341,284.5
C1111,S5115,2024-06-01,16,12.0,Alerts,796,295.1
C1111,S5115,2024-07-01,19,13.0,Export,110,244.2
C1111,S5115,2024-08-01,9,5.0,Reports,4447,169.7
C1111,S5115,2024-09-01,17,6.0,Export,4714,328.5
C1111,S5115,2024-10-01,9,6.0,Dashboard,1508,386.1
C1111,S5115,2024-11-01,11,6.0,Dashboard,307,314.8
C1111,S5115,2024-12-01,16,9.0,Export,1472,317.2
C1112,S5116,2023-07-01,23,17.0,Reports,270,239.2
C1112,S5116,2023-08-01,22,6.0,Alerts,1828,333.7
C1112,S5116,2023-09-01,19,15.0,Export,1485,52.7
C1112,S5116,2023-10-01,15,13.0,Export,648,220.7
C1112,S5116,2023-11-01,11,4.0,Reports,94,126.9
C1112,S5116,2023-12-01,14,10.0,Alerts,306,72.9
C1112,S5116,2024-01-01,15,5.0,Alerts,2787,0.0
C1112,S5116,2024-02-01,13,4.0,Reports,856,118.0
C1112,S5116,2024-03-01,7,5.0,Integrations,275,152.4
C1112,S5116,2024-04-01,8,5.0,Alerts,24,0.0
C1112,S5116,2024-05-01,10,8.0,Integrations,823,112.2
C1112,S5116,2024-06-01,14,10.0,Dashboard,1012,114.8
C1112,S5116,2024-07-01,5,2.0,Dashboard,1270,107.5
C1112,S5116,2024-08-01,6,5.0,Integrations,609,234.35
C1112,S5116,2024-09-01,9,3.0,Export,109,9.9
C1112,S5116,2024-10-01,6,3.0,Export,243,201.2
C1113,S5117,2024-09-01,15,10.0,Dashboard,1197,199.7
C1113,S5117,2024-10-01,15,9.0,Reports,2916,132.4
C1113,S5117,2024-11-01,25,22.0,Export,863,218.0
C1113,S5117,2024-12-01,20,17.0,Reports,965,348.2
C1114,S5118,2024-11-01,19,10.0,Alerts,5691,353.4
C1114,S5118,2024-12-01,24,17.0,Export,1561,358.5
C1115,S5119,2024-09-01,11,3.0,Dashboard,975,335.4
C1115,S5119,2024-10-01,7,2.0,Reports,2108,289.7
C1115,S5119,2024-11-01,10,4.0,Reports,755,229.3
C1115,S5119,2024-12-01,4,2.0,Export,433,65.1
C1116,S5120,2024-12-01,3,2.0,Reports,1626,206.0
C1117,S5121,2024-01-01,9,7.0,Integrations,968,446.9
C1117,S5121,2024-02-01,9,6.0,Integrations,413,233.5
C1117,S5121,2024-03-01,3,2.0,API,130,158.7
C1118,S5122,2024-07-01,3,1.0,Integrations,939,97.6
C1118,S5122,2024-08-01,9,4.0,Alerts,489,377.4
C1118,S5122,2024-09-01,3,1.0,Reports,597,259.5
C1118,S5122,2024-10-01,1,0.0,Integrations,437,129.6
C1118,S5122,2024-11-01,8,3.0,Export,203,243.8
C1118,S5122,2024-12-01,1,0.0,Reports,67,186.9
C1119,S5123,2023-07-01,11,3.0,Integrations,4766,334.4
C1119,S5123,2023-08-01,8,4.0,Integrations,3705,219.4
C1119,S5123,2023-09-01,8,5.0,Reports,1427,344.0
C1119,S5123,2023-10-01,5,2.0,Export,37,96.5
C1119,S5123,2023-11-01,5,3.0,API,3507,172.2
C1119,S5123,2023-12-01,9,3.0,Reports,4534,182.5
C1119,S5123,2024-01-01,6,4.0,API,615,227.6
C1119,S5123,2024-02-01,7,5.0,Dashboard,2437,368.1
C1119,S5123,2024-03-01,8,5.0,Export,345,169.6
C1119,S5123,2024-04-01,7,5.0,Integrations,1703,183.9
C1119,S5123,2024-05-01,10,6.0,Integrations,871,286.0
C1119,S5123,2024-06-01,9,3.0,API,90,360.0
C1119,S5123,2024-07-01,11,3.0,Dashboard,955,226.2
C1119,S5123,2024-08-01,12,10.0,Alerts,2406,217.5
C1119,S5123,2024-09-01,9,8.0,Alerts,666,242.4
C1119,S5123,2024-10-01,7,3.0,API,436,184.1
C1119,S5123,2024-11-01,3,2.0,Alerts,2923,211.5
C1119,S5123,2024-12-01,8,4.0,Integrations,148,439.9
C1120,S5124,2024-06-01,5,3.0,API,326,332.4
C1120,S5124,2024-07-01,6,5.0,Dashboard,750,230.7
C1120,S5124,2024-08-01,6,4.0,Reports,1616,334.4
C1120,S5124,2024-09-01,14,9.0,Reports,631,335.3
C1120,S5124,2024-10-01,4,2.0,Dashboard,719,238.6
C1120,S5124,2024-11-01,9,2.0,Alerts,1188,277.4
C1120,S5124,2024-12-01,9,6.0,Export,1663,342.6
C1121,S5125,2023-04-01,21,6.0,Export,1094,370.3
C1121,S5125,2023-05-01,20,10.0,Export,2075,203.6
C1121,S5125,2023-06-01,15,11.0,API,135,266.3
C1121,S5125,2023-07-01,12,7.0,Reports,68,239.0
C1121,S5125,2023-08-01,22,16.0,API,239,204.0
C1121,S5125,2023-09-01,22,16.0,Reports,464,328.7
C1121,S5125,2023-10-01,16,6.0,Alerts,4131,251.2
C1121,S5125,2023-11-01,16,12.0,Dashboard,19,353.9
C1121,S5125,2023-12-01,18,13.0,API,201,293.7
C1121,S5125,2024-01-01,13,9.0,Export,860,165.1
C1121,S5125,2024-02-01,20,8.0,Alerts,278,197.1
C1121,S5125,2024-03-01,15,8.0,Integrations,1513,472.6
C1121,S5125,2024-04-01,10,7.0,API,1175,187.9
C1121,S5125,2024-05-01,27,5.0,Reports,182,337.0
C1121,S5125,2024-06-01,20,7.0,Alerts,306,279.2
C1121,S5125,2024-07-01,14,6.0,API,782,231.6
C1121,S5125,2024-08-01,22,7.0,Reports,1518,249.3
C1121,S5125,2024-09-01,16,14.0,API,42,266.7
C1121,S5125,2024-10-01,17,6.0,API,622,323.0
C1121,S5125,2024-11-01,12,8.0,Reports,603,178.9
C1121,S5125,2024-12-01,13,8.0,Export,282,197.3
C1122,S5126,2024-04-01,10,6.0,Dashboard,1293,369.2
C1122,S5126,2024-05-01,7,5.0,API,1358,242.1
C1122,S5126,2024-06-01,5,2.0,Reports,6047,171.1
C1122,S5126,2024-07-01,6,3.0,Dashboard,529,101.2
C1122,S5126,2024-08-01,7,2.0,Integrations,187,150.1
C1122,S5126,2024-09-01,7,3.0,Export,1023,181.1
C1122,S5126,2024-10-01,5,3.0,API,748,0.0
C1122,S5126,2024-11-01,4,2.0,Integrations,310,101.9
C1123,S5127,2024-05-01,16,12.0,Reports,92,264.9
C1123,S5127,2024-06-01,11,4.0,Alerts,820,278.9
C1123,S5127,2024-07-01,13,7.0,Export,1277,85.7
C1123,S5127,2024-08-01,9,6.0,Alerts,1818,339.0
C1123,S5127,2024-09-01,14,9.0,Dashboard,2968,357.1
C1123,S5127,2024-10-01,17,11.0,Alerts,995,305.2
C1123,S5127,2024-11-01,12,8.0,Alerts,223,337.3
C1123,S5127,2024-12-01,11,7.0,API,455,277.7
C1124,S5128,2024-08-01,4,1.0,Export,3446,407.8
C1124,S5128,2024-09-01,7,5.0,Alerts,1487,246.6
C1124,S5128,2024-10-01,3,1.0,Integrations,61,164.6
C1124,S5128,2024-11-01,7,4.0,Dashboard,148,402.2
C1124,S5128,2024-12-01,6,5.0,Reports,153,332.1
C1125,S5129,2023-06-01,16,9.0,Export,2380,162.1
C1125,S5129,2023-07-01,18,13.0,Export,1585,269.8
C1125,S5129,2023-08-01,16,12.0,Integrations,2602,12.2
C1125,S5129,2023-09-01,20,13.0,API,1068,240.6
C1125,S5129,2023-10-01,15,7.0,Dashboard,278,150.9
C1125,S5129,2023-11-01,17,5.0,API,332,119.9
C1125,S5129,2023-12-01,14,11.0,Export,58,279.3
C1125,S5129,2024-01-01,12,5.0,Reports,1037,125.8
C1125,S5129,2024-02-01,11,6.0,API,79,147.5
C1125,S5129,2024-03-01,10,7.0,Integrations,1341,129.2
C1125,S5129,2024-04-01,8,3.0,Integrations,127,92.0
C1125,S5129,2024-05-01,7,4.0,Export,1528,130.5
C1125,S5129,2024-06-01,4,1.0,Reports,248,3.3
C1125,S5129,2024-07-01,3,1.0,Integrations,146,75.1
C1126,S5130,2023-10-01,10,8.0,Export,1033,502.0
C1126,S5130,2023-11-01,13,8.0,Alerts,865,37.7
C1126,S5130,2023-12-01,13,5.0,Reports,2934,310.7
C1126,S5130,2024-01-01,16,7.0,API,2630,299.2
C1126,S5130,2024-02-01,12,9.0,Alerts,300,212.1
C1126,S5130,2024-03-01,16,8.0,Integrations,807,274.4
C1126,S5130,2024-04-01,11,5.0,API,55,384.0
C1126,S5130,2024-05-01,12,7.0,API,918,218.8
C1126,S5130,2024-06-01,9,7.0,Export,423,307.6
C1126,S5130,2024-07-01,13,11.0,Dashboard,1660,132.9
C1126,S5130,2024-08-01,6,3.0,Integrations,1278,153.5
C1126,S5130,2024-09-01,19,17.0,Dashboard,106,383.0
C1126,S5130,2024-10-01,11,8.0,API,666,201.9
C1126,S5130,2024-11-01,21,16.0,Alerts,71,241.0
C1126,S5130,2024-12-01,16,12.0,Export,5174,368.6
C1127,S5131,2024-03-01,17,7.0,Dashboard,76,198.2
C1127,S5131,2024-04-01,22,7.0,Integrations,4939,314.3
C1127,S5131,2024-05-01,22,15.0,Integrations,617,127.1
C1127,S5131,2024-06-01,16,9.0,Export,1643,145.4
C1127,S5131,2024-07-01,18,6.0,Integrations,249,156.4
C1127,S5131,2024-08-01,14,6.0,Reports,1449,178.2
C1127,S5131,2024-09-01,13,5.0,Dashboard,43,441.1
C1127,S5131,2024-10-01,19,11.0,Alerts,1659,238.8
C1127,S5131,2024-11-01,17,15.0,Integrations,3291,378.5
C1127,S5131,2024-12-01,15,10.0,Reports,3937,233.2
C1128,S5132,2023-09-01,12,8.0,Export,260,209.5
C1128,S5132,2023-10-01,30,9.0,API,531,354.5
C1128,S5132,2023-11-01,28,12.0,Alerts,1681,136.8
C1128,S5132,2023-12-01,17,9.0,Export,1931,96.7
C1128,S5132,2024-01-01,22,18.0,Alerts,7664,280.9
C1128,S5132,2024-02-01,13,9.0,API,971,171.9
C1128,S5132,2024-03-01,24,18.0,Export,1135,311.4
C1128,S5132,2024-04-01,23,16.0,Dashboard,2056,290.3
C1128,S5132,2024-05-01,14,7.0,API,139,267.0
C1128,S5132,2024-06-01,26,8.0,Dashboard,914,98.4
C1128,S5132,2024-07-01,20,6.0,Export,2506,184.6
C1128,S5132,2024-08-01,23,17.0,Dashboard,4788,381.4
C1128,S5132,2024-09-01,10,3.0,Alerts,207,331.4
C1128,S5132,2024-10-01,16,7.0,Export,3596,202.1
C1128,S5132,2024-11-01,25,22.0,Dashboard,942,232.3
C1128,S5132,2024-12-01,22,18.0,API,69,313.0
C1129,S5133,2024-05-01,12,6.0,Alerts,283,412.9
C1129,S5133,2024-06-01,8,3.0,API,224,389.4
C1129,S5133,2024-07-01,11,9.0,API,312,144.7
C1129,S5133,2024-08-01,8,4.0,Reports,31,200.3
C1129,S5133,2024-09-01,7,4.0,API,16,109.6
C1129,S5133,2024-10-01,5,2.0,Alerts,1862,284.9
C1129,S5133,2024-11-01,4,3.0,Reports,796,0.0
C1129,S5133,2024-12-01,2,1.0,Dashboard,318,175.5
C1130,S5134,2024-03-01,17,6.0,Dashboard,1572,391.4
C1130,S5134,2024-04-01,17,11.0,Dashboard,799,240.0
C1130,S5134,2024-05-01,14,4.0,Alerts,294,261.8
C1130,S5134,2024-06-01,23,9.0,Integrations,3326,283.5
C1130,S5134,2024-07-01,21,18.0,Dashboard,1024,253.1
C1130,S5134,2024-08-01,17,10.0,Reports,2317,284.0
C1130,S5134,2024-09-01,17,11.0,Dashboard,504,230.8
C1130,S5134,2024-10-01,13,9.0,Reports,1017,232.6
C1130,S5134,2024-11-01,20,15.0,Dashboard,2409,230.9
C1130,S5134,2024-12-01,22,15.0,Integrations,5203,210.7
C1131,S5135,2023-05-01,5,4.0,Export,3628,132.0
C1131,S5135,2023-06-01,4,2.0,Integrations,1113,284.9
C1131,S5135,2023-07-01,3,1.0,Integrations,963,210.7
C1131,S5135,2023-08-01,6,1.0,Alerts,826,162.4
C1131,S5135,2023-09-01,7,4.0,Integrations,919,69.4
C1131,S5135,2023-10-01,6,5.0,Integrations,423,148.5
C1131,S5135,2023-11-01,3,1.0,Alerts,1102,208.1
C1131,S5135,2023-12-01,6,4.0,API,3436,69.9
C1131,S5135,2024-01-01,3,1.0,API,7,205.5
C1131,S5135,2024-02-01,6,3.0,Integrations,121,200.0
C1131,S5135,2024-03-01,1,0.0,API,1778,192.3
C1131,S5135,2024-04-01,0,0.0,Dashboard,259,201.8
C1131,S5135,2024-05-01,3,2.0,Export,2517,20.9
C1131,S5135,2024-06-01,0,0.0,Reports,321,18.0
C1131,S5136,2024-06-01,8,4.0,Alerts,622,333.3
C1131,S5136,2024-07-01,9,5.0,API,2516,311.1
C1131,S5136,2024-08-01,11,7.0,Integrations,50,493.9
C1131,S5136,2024-09-01,14,4.0,Reports,711,320.2
C1131,S5136,2024-10-01,14,6.0,Export,544,125.3
C1131,S5136,2024-11-01,8,5.0,Export,282,303.1
C1131,S5136,2024-12-01,12,6.0,API,961,134.2
C1132,S5137,2023-12-01,1,0.0,Reports,266,319.1
C1132,S5137,2024-01-01,2,0.0,API,3174,303.2
C1132,S5137,2024-02-01,6,5.0,Reports,21,265.8
C1132,S5137,2024-03-01,1,0.0,Export,2082,194.2
C1132,S5137,2024-04-01,6,2.0,API,380,70.6
C1132,S5137,2024-05-01,4,3.0,Dashboard,882,80.2
C1132,S5137,2024-06-01,3,1.0,Export,722,137.3
C1132,S5137,2024-07-01,3,0.0,Alerts,10,127.0
C1132,S5137,2024-08-01,5,2.0,Reports,550,364.5
C1132,S5137,2024-09-01,0,0.0,Integrations,415,40.4
C1132,S5137,2024-10-01,2,0.0,Alerts,544,156.1
C1132,S5137,2024-11-01,1,0.0,Alerts,271,14.4
C1132,S5137,2024-12-01,3,1.0,Dashboard,5,94.3
C1134,S5140,2023-01-01,18,8.0,Integrations,174,214.2
C1134,S5140,2023-02-01,16,6.0,Dashboard,1880,186.4
C1134,S5140,2023-03-01,23,11.0,Export,1760,205.5
C1134,S5140,2023-04-01,17,10.0,Reports,88,143.7
C1134,S5140,2023-05-01,19,16.0,Reports,1143,240.9
C1134,S5140,2023-06-01,19,7.0,Export,1984,120.3
C1134,S5140,2023-07-01,18,12.0,Alerts,336,242.25
C1134,S5140,2023-08-01,17,5.0,Reports,818,197.8
C1134,S5140,2023-09-01,25,8.0,Reports,721,205.0
C1134,S5140,2023-10-01,7,5.0,Dashboard,504,313.2
C1134,S5140,2023-11-01,16,12.0,Dashboard,3980,309.5
C1134,S5140,2023-12-01,13,3.0,Integrations,799,269.1
C1134,S5140,2024-01-01,17,8.0,Reports,818,386.1
C1134,S5140,2024-02-01,18,7.0,API,3014,263.1
C1134,S5140,2024-03-01,25,21.0,Integrations,1889,417.0
C1134,S5140,2024-04-01,21,9.0,Alerts,150,450.1
C1134,S5140,2024-05-01,15,6.0,Reports,1091,237.2
C1134,S5140,2024-06-01,20,9.0,Reports,1593,109.9
C1134,S5140,2024-07-01,26,14.0,Export,1018,259.0
C1134,S5140,2024-08-01,20,8.0,Alerts,1029,201.9
C1134,S5140,2024-09-01,20,8.0,Reports,3115,183.8
C1134,S5140,2024-10-01,24,14.0,Dashboard,21,273.6
C1134,S5140,2024-11-01,25,21.0,Dashboard,227,257.8
C1134,S5140,2024-12-01,14,4.0,Dashboard,3827,225.2
C1135,S5141,2023-11-01,12,9.0,Alerts,584,246.4
C1135,S5141,2023-12-01,15,11.0,Alerts,2686,297.7
C1135,S5141,2024-01-01,12,8.0,Reports,235,93.7
C1135,S5141,2024-02-01,3,1.0,Alerts,618,77.1
C1135,S5141,2024-03-01,15,5.0,Alerts,2413,249.8
C1135,S5141,2024-04-01,15,8.0,Alerts,541,190.1
C1135,S5141,2024-05-01,14,11.0,Dashboard,1898,256.6
C1135,S5141,2024-06-01,9,5.0,Alerts,619,315.7
C1135,S5141,2024-07-01,12,9.0,Reports,1198,216.2
C1135,S5141,2024-08-01,9,7.0,API,581,200.3
C1135,S5141,2024-09-01,12,9.0,Reports,1306,457.4
C1135,S5141,2024-10-01,11,4.0,Integrations,2375,170.6
C1135,S5141,2024-11-01,9,3.0,Alerts,2051,186.9
C1135,S5141,2024-12-01,11,5.0,Dashboard,997,317.3
C1136,S5142,2024-04-01,5,3.0,Integrations,1489,140.9
C1136,S5142,2024-05-01,5,1.0,Reports,556,199.5
C1136,S5142,2024-06-01,5,3.0,API,187,277.2
C1136,S5142,2024-07-01,3,1.0,Reports,758,286.5
C1136,S5142,2024-08-01,7,2.0,Alerts,1163,173.6
C1136,S5142,2024-09-01,3,2.0,Alerts,1163,323.1
C1136,S5142,2024-10-01,9,6.0,Alerts,3802,331.9
C1136,S5142,2024-11-01,8,6.0,Alerts,925,288.1
C1136,S5142,2024-12-01,2,1.0,API,2923,186.6
C1137,S5143,2023-08-01,16,9.0,Alerts,1207,254.4
C1137,S5143,2023-09-01,20,10.0,API,1494,144.1
C1137,S5143,2023-10-01,17,10.0,Integrations,1360,163.1
C1137,S5143,2023-11-01,16,12.0,Reports,439,281.5
C1137,S5143,2023-12-01,20,9.0,Export,154,190.1
C1137,S5143,2024-01-01,8,4.0,Dashboard,1621,125.3
C1137,S5143,2024-02-01,7,5.0,Alerts,455,95.5
C1137,S5143,2024-03-01,6,3.0,Integrations,1531,112.6
C1138,S5144,2024-10-01,21,10.0,Alerts,3162,267.1
C1138,S5144,2024-11-01,15,9.0,Dashboard,382,259.3
C1138,S5144,2024-12-01,14,6.0,Dashboard,368,74.9
C1139,S5145,2023-07-01,15,7.0,Integrations,2051,225.7
C1139,S5145,2023-08-01,11,3.0,API,2691,226.6
C1139,S5145,2023-09-01,6,2.0,API,5514,274.4
C1139,S5145,2023-10-01,18,7.0,Reports,1224,319.9
C1139,S5145,2023-11-01,19,14.0,Dashboard,1034,177.4
C1139,S5145,2023-12-01,9,8.0,Dashboard,1224,327.3
C1139,S5145,2024-01-01,17,6.0,API,4262,248.5
C1139,S5145,2024-02-01,4,2.0,API,1672,289.3
C1139,S5145,2024-03-01,8,3.0,API,1366,286.1
C1139,S5145,2024-04-01,6,2.0,API,1291,332.7
C1139,S5145,2024-05-01,12,6.0,Reports,6025,256.8
C1139,S5145,2024-06-01,8,3.0,API,1098,311.1
C1139,S5145,2024-07-01,8,7.0,Reports,16,176.0
C1139,S5145,2024-08-01,15,4.0,Reports,735,311.0
C1139,S5145,2024-09-01,18,15.0,Dashboard,978,345.1
C1139,S5145,2024-10-01,9,4.0,API,689,310.4
C1139,S5145,2024-11-01,17,7.0,Export,1251,177.8
C1139,S5145,2024-12-01,11,8.0,Export,340,357.1
C1140,S5146,2024-07-01,16,4.0,API,517,142.6
C1140,S5146,2024-08-01,7,3.0,Reports,33,329.8
C1140,S5146,2024-09-01,8,5.0,Export,865,264.8
C1140,S5146,2024-10-01,5,3.0,Alerts,576,44.5
C1141,S5147,2023-02-01,5,3.0,Alerts,2045,230.9
C1141,S5147,2023-03-01,10,7.0,Dashboard,1290,306.4
C1141,S5147,2023-04-01,5,2.0,Integrations,231,367.2
C1141,S5147,2023-05-01,10,3.0,API,2798,306.7
C1141,S5147,2023-06-01,3,2.0,Integrations,1351,256.4
C1141,S5147,2023-07-01,9,6.0,Export,515,278.8
C1141,S5147,2023-08-01,7,3.0,Export,1290,336.3
C1141,S5147,2023-09-01,3,2.0,Reports,1013,334.1
C1141,S5147,2023-10-01,5,3.0,Reports,125,190.6
C1141,S5147,2023-11-01,6,2.0,Integrations,866,365.1
C1141,S5147,2023-12-01,5,3.0,Dashboard,149,371.8
C1141,S5147,2024-01-01,3,2.0,Alerts,231,276.6
C1141,S5147,2024-02-01,4,1.0,Integrations,258,140.5
C1141,S5147,2024-03-01,6,2.0,Reports,314,369.6
C1141,S5147,2024-04-01,6,4.0,Alerts,1608,309.6
C1141,S5147,2024-05-01,8,4.0,Integrations,2328,409.8
C1141,S5147,2024-06-01,7,4.0,Reports,393,355.4
C1141,S5147,2024-07-01,4,3.0,Integrations,2316,249.1
C1141,S5147,2024-08-01,5,2.0,Integrations,669,276.5
C1141,S5147,2024-09-01,2,1.0,Alerts,4004,310.7
C1141,S5147,2024-10-01,10,7.0,Export,2590,169.7
C1141,S5147,2024-11-01,3,1.0,Alerts,100,265.9
C1141,S5147,2024-12-01,10,4.0,Reports,1966,312.2
C1142,S5148,2023-03-01,8,2.0,Export,1952,317.8
C1142,S5148,2023-04-01,17,13.0,Dashboard,1107,271.5
C1142,S5148,2023-05-01,13,5.0,Reports,600,176.2
C1142,S5148,2023-06-01,20,7.0,Integrations,4515,306.4
C1142,S5148,2023-07-01,15,7.0,Export,1264,226.2
C1142,S5148,2023-08-01,11,6.0,Reports,812,284.2
C1142,S5148,2023-09-01,11,9.0,Alerts,1540,256.2
C1142,S5148,2023-10-01,10,5.0,Integrations,1892,371.8
C1142,S5148,2023-11-01,4,1.0,Export,272,249.2
C1142,S5148,2023-12-01,16,14.0,Integrations,1502,209.1
C1142,S5148,2024-01-01,10,7.0,Dashboard,649,246.4
C1142,S5148,2024-02-01,11,8.0,Alerts,790,253.6
C1142,S5148,2024-03-01,10,6.0,Integrations,147,290.8
C1142,S5148,2024-04-01,11,5.0,Reports,992,149.6
C1142,S5148,2024-05-01,13,4.0,Integrations,2981,368.9
C1142,S5148,2024-06-01,15,8.0,Reports,1422,228.3
C1142,S5148,2024-07-01,10,6.0,Dashboard,798,192.1
C1142,S5148,2024-08-01,21,11.0,Alerts,288,346.9
C1142,S5148,2024-09-01,9,4.0,Export,477,300.4
C1142,S5148,2024-10-01,15,10.0,Export,139,386.6
C1142,S5148,2024-11-01,9,5.0,Integrations,918,197.9
C1142,S5148,2024-12-01,11,8.0,Alerts,2654,193.2
C1143,S5149,2023-02-01,13,5.0,Alerts,649,197.3
C1143,S5149,2023-03-01,6,2.0,Reports,143,237.8
C1143,S5149,2023-04-01,9,6.0,Dashboard,1817,206.8
C1143,S5149,2023-05-01,10,4.0,Integrations,63,265.4
C1143,S5149,2023-06-01,7,6.0,Reports,1593,130.8
C1143,S5149,2023-07-01,9,5.0,Export,394,22.8
C1143,S5149,2023-08-01,6,2.0,Alerts,237,164.3
C1143,S5149,2023-09-01,5,4.0,Export,1348,385.8
C1143,S5149,2023-10-01,6,2.0,API,1524,0.0
C1143,S5149,2023-11-01,5,4.0,Integrations,422,84.1
C1143,S5149,2023-12-01,3,1.0,Alerts,599,100.8
C1143,S5149,2024-01-01,4,2.0,Alerts,928,205.8
C1143,S5149,2024-02-01,3,2.0,Alerts,42,113.0
C1143,S5149,2024-03-01,4,2.0,Export,68,142.8
C1143,S5149,2024-04-01,4,2.0,Reports,109,96.8
C1143,S5149,2024-05-01,4,3.0,Reports,69,0.0
C1144,S5150,2024-01-01,12,9.0,Export,1414,311.9
C1144,S5150,2024-02-01,16,11.0,Integrations,897,295.4
C1144,S5150,2024-03-01,24,17.0,Integrations,243,398.7
C1144,S5150,2024-04-01,26,9.0,Dashboard,1167,275.5
C1144,S5150,2024-05-01,17,12.0,Reports,1704,299.6
C1144,S5150,2024-06-01,17,15.0,API,4283,264.3
C1144,S5150,2024-07-01,17,8.0,Alerts,4307,208.2
C1144,S5150,2024-08-01,22,14.0,Export,2151,146.4
C1144,S5150,2024-09-01,19,11.0,Dashboard,806,271.7
C1144,S5150,2024-10-01,16,7.0,Integrations,3703,273.1
C1144,S5150,2024-11-01,18,12.0,Alerts,501,324.5
C1144,S5150,2024-12-01,12,6.0,Dashboard,1033,328.0
C1145,S5151,2023-03-01,9,2.0,Integrations,1145,280.5
C1145,S5151,2023-04-01,13,5.0,Integrations,55,261.2
C1145,S5151,2023-05-01,15,10.0,Integrations,229,303.2
C1145,S5151,2023-06-01,14,6.0,Reports,1505,302.9
C1145,S5151,2023-07-01,14,4.0,Export,976,285.1
C1145,S5151,2023-08-01,20,14.0,Reports,801,193.9
C1145,S5151,2023-09-01,14,12.0,Dashboard,2339,255.7
C1145,S5151,2023-10-01,14,10.0,Integrations,766,336.2
C1145,S5151,2023-11-01,15,8.0,Dashboard,76,341.4
C1145,S5151,2023-12-01,13,9.0,Reports,1370,227.6
C1145,S5151,2024-01-01,11,8.0,API,565,170.3
C1145,S5151,2024-02-01,19,8.0,API,901,347.3
C1145,S5151,2024-03-01,10,6.0,Export,1789,162.3
C1145,S5151,2024-04-01,14,5.0,Export,138,175.6
C1145,S5151,2024-05-01,15,12.0,Dashboard,3265,496.0
C1145,S5151,2024-06-01,16,7.0,Alerts,2434,291.8
C1145,S5151,2024-07-01,10,4.0,API,30,269.6
C1145,S5151,2024-08-01,20,15.0,Export,1892,257.8
C1145,S5151,2024-09-01,10,3.0,API,708,347.2
C1145,S5151,2024-10-01,22,8.0,Reports,1451,257.2
C1145,S5151,2024-11-01,15,5.0,Reports,1247,261.5
C1145,S5151,2024-12-01,10,8.0,Reports,243,281.6
C1146,S5152,2023-01-01,5,2.0,Alerts,13,315.6
C1146,S5152,2023-02-01,5,4.0,Export,64,228.7
C1146,S5152,2023-03-01,3,1.0,Export,1944,386.8
C1146,S5152,2023-04-01,7,4.0,Integrations,1784,205.7
C1146,S5152,2023-05-01,6,5.0,Integrations,170,259.0
C1146,S5152,2023-06-01,7,5.0,Alerts,292,276.8
C1146,S5152,2023-07-01,7,4.0,Dashboard,471,235.0
C1146,S5152,2023-08-01,5,3.0,Reports,2035,254.6
C1146,S5152,2023-09-01,11,3.0,Integrations,623,264.1
C1146,S5152,2023-10-01,0,0.0,Reports,1160,160.5
C1146,S5152,2023-11-01,3,2.0,Export,2021,281.1
C1146,S5152,2023-12-01,7,5.0,Export,1183,220.1
C1146,S5152,2024-01-01,5,1.0,API,578,141.8
C1146,S5152,2024-02-01,8,5.0,Integrations,1705,346.2
C1146,S5152,2024-03-01,6,3.0,Export,3900,206.8
C1146,S5152,2024-04-01,9,6.0,Dashboard,106,216.1
C1146,S5152,2024-05-01,5,3.0,Integrations,63,166.5
C1146,S5152,2024-06-01,7,2.0,Export,2258,304.4
C1146,S5152,2024-07-01,4,2.0,Alerts,16,98.0
C1146,S5152,2024-08-01,4,2.0,Export,263,152.7
C1146,S5152,2024-09-01,1,0.0,API,1229,349.9
C1146,S5152,2024-10-01,5,2.0,Export,487,250.9
C1146,S5152,2024-11-01,2,1.0,Export,653,257.5
C1146,S5152,2024-12-01,10,3.0,Reports,1662,281.9
C1147,S5153,2023-11-01,11,8.0,API,271,455.9
C1147,S5153,2023-12-01,13,10.0,Integrations,637,227.7
C1147,S5153,2024-01-01,14,6.0,API,2849,280.5
C1147,S5153,2024-02-01,12,3.0,Alerts,478,375.3
C1147,S5153,2024-03-01,11,3.0,Reports,458,208.9
C1147,S5153,2024-04-01,14,8.0,API,310,382.4
C1147,S5153,2024-05-01,14,4.0,Integrations,1231,128.2
C1147,S5153,2024-06-01,11,3.0,Export,1072,150.9
C1147,S5153,2024-07-01,12,7.0,Export,943,239.1
C1147,S5153,2024-08-01,13,7.0,Dashboard,98,221.3
C1147,S5153,2024-09-01,17,8.0,Integrations,1199,355.5
C1147,S5153,2024-10-01,11,6.0,Export,190,315.5
C1147,S5153,2024-11-01,7,4.0,API,2769,368.0
C1147,S5153,2024-12-01,13,8.0,Integrations,582,283.8
C1148,S5154,2024-09-01,5,1.0,Dashboard,362,242.4
C1148,S5154,2024-10-01,4,1.0,Reports,235,126.0
C1148,S5154,2024-11-01,7,4.0,Integrations,2577,271.3
C1148,S5154,2024-12-01,2,1.0,Reports,218,193.1
C1149,S5155,2023-04-01,3,1.0,API,2758,269.3
C1149,S5155,2023-05-01,5,4.0,Reports,294,223.9
C1149,S5155,2023-06-01,1,0.0,Integrations,833,162.9
C1149,S5155,2023-07-01,3,2.0,Integrations,1578,397.9
C1149,S5155,2023-08-01,5,2.0,Export,569,342.3
C1149,S5155,2023-09-01,1,0.0,Alerts,370,201.8
C1149,S5155,2023-10-01,5,4.0,Alerts,125,362.8
C1149,S5155,2023-11-01,4,2.0,Integrations,280,290.0
C1149,S5155,2023-12-01,2,1.0,Reports,1158,223.1
C1149,S5155,2024-01-01,3,2.0,Alerts,936,331.3
C1149,S5155,2024-02-01,4,1.0,Export,102,356.9
C1149,S5155,2024-03-01,2,1.0,Export,1613,135.2
C1149,S5155,2024-04-01,2,1.0,Alerts,582,340.3
C1149,S5155,2024-05-01,5,3.0,Dashboard,3240,162.7
C1149,S5155,2024-06-01,1,0.0,Export,579,385.5
C1149,S5155,2024-07-01,3,2.0,Export,1891,178.6
C1149,S5155,2024-08-01,6,5.0,API,259,259.5
C1149,S5155,2024-09-01,7,5.0,Integrations,5869,252.6
C1149,S5155,2024-10-01,3,1.0,Reports,336,463.5
C1149,S5155,2024-11-01,2,0.0,Dashboard,48,292.8
C1149,S5155,2024-12-01,4,2.0,Integrations,74,286.4
C1151,S5157,2023-07-01,17,14.0,Integrations,681,279.8
C1151,S5157,2023-08-01,9,6.0,Reports,1032,100.2
C1151,S5157,2023-09-01,8,4.0,Alerts,910,216.3
C1151,S5157,2023-10-01,7,5.0,API,706,222.2
C1151,S5157,2023-11-01,11,7.0,Integrations,609,309.2
C1151,S5157,2023-12-01,6,3.0,Alerts,2141,151.6
C1151,S5157,2024-01-01,9,5.0,API,467,178.2
C1151,S5157,2024-02-01,8,3.0,Integrations,631,174.9
C1151,S5157,2024-03-01,12,5.0,Alerts,327,0.0
C1151,S5157,2024-04-01,7,5.0,Reports,32,3.4
C1151,S5157,2024-05-01,4,3.0,Integrations,718,136.8
C1151,S5157,2024-06-01,3,0.0,Integrations,708,0.0
C1151,S5157,2024-07-01,7,6.0,Dashboard,180,19.2
C1151,S5157,2024-08-01,4,1.0,Integrations,104,7.9
C1151,S5157,2024-09-01,4,2.0,Export,796,80.1
C1151,S5157,2024-10-01,7,4.0,Export,681,7.2
C1151,S5157,2024-11-01,9,4.0,Integrations,151,0.0
C1152,S5158,2024-08-01,3,2.0,Export,209,209.3
C1152,S5158,2024-09-01,5,1.0,Export,293,236.7
C1152,S5158,2024-10-01,6,2.0,Reports,1931,229.3
C1152,S5158,2024-11-01,3,2.0,API,969,205.2
C1152,S5158,2024-12-01,2,0.0,Integrations,880,0.0
C1153,S5159,2024-08-01,5,3.0,Integrations,415,214.3
C1153,S5159,2024-09-01,6,1.0,Integrations,982,299.8
C1153,S5159,2024-10-01,10,4.0,API,1991,281.4
C1153,S5159,2024-11-01,6,3.0,Integrations,2624,196.5
C1153,S5159,2024-12-01,3,0.0,Integrations,1207,164.8
C1154,S5160,2024-10-01,4,2.0,Dashboard,3194,332.1
C1154,S5160,2024-11-01,1,0.0,Integrations,119,255.9
C1154,S5160,2024-12-01,3,2.0,Dashboard,336,69.9
C1155,S5162,2023-09-01,8,6.0,Alerts,5520,360.6
C1155,S5162,2023-10-01,4,3.0,Reports,2343,264.5
C1155,S5162,2023-11-01,5,1.0,Export,1134,165.5
C1155,S5162,2023-12-01,6,4.0,Export,400,189.8
C1155,S5162,2024-01-01,8,6.0,API,1381,234.0
C1155,S5162,2024-02-01,5,3.0,Export,340,242.5
C1155,S5162,2024-03-01,5,2.0,Export,504,291.8
C1155,S5162,2024-04-01,11,6.0,Reports,4552,362.9
C1155,S5162,2024-05-01,2,1.0,Integrations,88,176.9
C1155,S5162,2024-06-01,11,4.0,Dashboard,290,152.9
C1155,S5162,2024-07-01,2,0.0,Reports,161,236.6
C1155,S5162,2024-08-01,10,3.0,Alerts,1790,444.2
C1155,S5162,2024-09-01,5,1.0,API,436,232.7
C1155,S5162,2024-10-01,3,2.0,Integrations,282,291.8
C1155,S5162,2024-11-01,6,3.0,Integrations,1150,298.9
C1155,S5162,2024-12-01,6,1.0,Dashboard,1532,377.4
C1156,S5163,2024-03-01,8,2.0,Alerts,874,384.7
C1156,S5163,2024-04-01,10,6.0,Dashboard,306,412.4
C1156,S5163,2024-05-01,11,9.0,Alerts,300,200.8
C1156,S5163,2024-06-01,13,7.0,API,1852,349.8
C1156,S5163,2024-07-01,9,7.0,Reports,2026,162.8
C1156,S5163,2024-08-01,9,5.0,Alerts,510,174.7
C1156,S5163,2024-09-01,8,2.0,Export,618,280.8
C1156,S5163,2024-10-01,5,4.0,Reports,921,484.8
C1156,S5163,2024-11-01,5,1.0,API,614,228.3
C1156,S5163,2024-12-01,7,3.0,Export,4112,295.3
C1157,S5164,2024-02-01,8,6.0,Export,1228,181.3
C1157,S5164,2024-03-01,8,4.0,Alerts,896,163.8
C1157,S5164,2024-04-01,8,3.0,Dashboard,880,305.2
C1157,S5164,2024-05-01,5,4.0,Export,1202,208.5
C1157,S5164,2024-06-01,7,4.0,Dashboard,1787,176.0
C1157,S5164,2024-07-01,10,4.0,Dashboard,2646,226.6
C1157,S5164,2024-08-01,8,5.0,Dashboard,235,280.1
C1157,S5164,2024-09-01,5,3.0,Export,3156,334.7
C1157,S5164,2024-10-01,5,2.0,Integrations,501,264.9
C1157,S5164,2024-11-01,7,2.0,Alerts,2868,266.5
C1157,S5164,2024-12-01,5,2.0,API,245,203.4
C1158,S5165,2023-03-01,6,4.0,Export,386,220.5
C1158,S5165,2023-04-01,11,4.0,Dashboard,1194,285.0
C1158,S5165,2023-05-01,8,7.0,API,275,318.8
C1158,S5165,2023-06-01,11,5.0,API,635,216.5
C1158,S5165,2023-07-01,10,3.0,Dashboard,12,215.8
C1158,S5165,2023-08-01,12,3.0,Export,2460,80.2
C1158,S5165,2023-09-01,17,5.0,Reports,1448,66.7
C1158,S5165,2023-10-01,8,2.0,Alerts,66,314.6
C1158,S5165,2023-11-01,6,3.0,Export,1475,324.5
C1158,S5165,2023-12-01,11,9.0,Dashboard,522,211.8
C1158,S5165,2024-01-01,10,8.0,Export,1232,169.1
C1158,S5165,2024-02-01,11,5.0,Integrations,605,217.1
C1158,S5165,2024-03-01,3,2.0,Dashboard,752,320.3
C1158,S5165,2024-04-01,8,3.0,Dashboard,590,198.1
C1158,S5165,2024-05-01,12,4.0,Integrations,1302,216.0
C1158,S5165,2024-06-01,8,2.0,Alerts,792,266.4
C1158,S5165,2024-07-01,12,9.0,Dashboard,132,257.6
C1158,S5165,2024-08-01,5,5.0,Export,2650,357.4
C1158,S5165,2024-09-01,9,6.0,API,418,29.7
C1158,S5165,2024-10-01,7,3.0,Dashboard,29,264.3
C1158,S5165,2024-11-01,5,2.0,Integrations,1010,145.1
C1158,S5165,2024-12-01,11,3.0,Dashboard,3085,389.7
C1159,S5166,2024-09-01,13,4.0,API,2141,235.3
C1159,S5166,2024-10-01,16,8.0,Export,1015,320.9
C1159,S5166,2024-11-01,8,3.0,Export,218,276.1
C1159,S5166,2024-12-01,13,11.0,Dashboard,2022,120.5
C1160,S5167,2024-12-01,10,4.0,Integrations,597,228.8
C1161,S5168,2024-05-01,3,1.0,API,630,368.3
C1161,S5168,2024-06-01,2,1.0,Alerts,176,297.7
C1161,S5168,2024-07-01,4,1.0,Dashboard,6572,288.5
C1161,S5168,2024-08-01,2,1.0,Dashboard,1729,207.0
C1161,S5168,2024-09-01,1,0.0,API,1654,279.8
C1161,S5168,2024-10-01,3,2.0,Reports,2615,299.7
C1161,S5168,2024-11-01,3,2.0,Dashboard,5998,348.3
C1161,S5168,2024-12-01,4,1.0,Integrations,1804,170.8
C1162,S5169,2024-09-01,11,6.0,Dashboard,838,305.7
C1162,S5169,2024-10-01,6,3.0,Dashboard,30,168.6
C1162,S5169,2024-11-01,4,3.0,Alerts,89,8.8
C1162,S5169,2024-12-01,5,2.0,Dashboard,202,68.1
C1163,S5170,2023-09-01,6,5.0,Export,718,185.5
C1163,S5170,2023-10-01,4,2.0,Reports,3586,344.3
C1163,S5170,2023-11-01,4,1.0,Reports,3700,279.9
C1163,S5170,2023-12-01,3,1.0,API,1457,129.2
C1163,S5170,2024-01-01,5,2.0,Dashboard,1018,201.9
C1163,S5170,2024-02-01,9,5.0,Dashboard,336,254.7
C1163,S5170,2024-03-01,5,2.0,Integrations,343,327.1
C1163,S5170,2024-04-01,5,2.0,API,1273,242.4
C1163,S5170,2024-05-01,2,1.0,API,3857,178.9
C1163,S5170,2024-06-01,8,4.0,Reports,3032,429.4
C1163,S5170,2024-07-01,4,2.0,Dashboard,442,223.2
C1163,S5170,2024-08-01,5,2.0,Dashboard,519,231.4
C1163,S5170,2024-09-01,7,5.0,Integrations,1392,206.0
C1163,S5170,2024-10-01,9,5.0,Export,843,190.0
C1163,S5170,2024-11-01,5,3.0,Reports,1606,338.1
C1163,S5170,2024-12-01,8,3.0,Dashboard,399,221.4
C1164,S5171,2023-10-01,11,4.0,Alerts,1876,186.0
C1164,S5171,2023-11-01,18,15.0,Export,223,260.3
C1164,S5171,2023-12-01,15,10.0,Alerts,300,242.0
C1164,S5171,2024-01-01,16,5.0,Dashboard,575,253.0
C1164,S5171,2024-02-01,19,9.0,Integrations,184,228.7
C1164,S5171,2024-03-01,15,8.0,Integrations,269,351.2
C1164,S5171,2024-04-01,14,5.0,API,1742,317.2
C1164,S5171,2024-05-01,25,19.0,Integrations,2865,85.9
C1164,S5171,2024-06-01,17,10.0,Alerts,1160,331.3
C1164,S5171,2024-07-01,20,6.0,Reports,6840,221.1
C1164,S5171,2024-08-01,12,7.0,Integrations,2186,119.1
C1164,S5171,2024-09-01,18,11.0,Integrations,2154,202.8
C1164,S5171,2024-10-01,23,9.0,Reports,3911,327.9
C1164,S5171,2024-11-01,22,18.0,API,943,319.1
C1164,S5171,2024-12-01,10,3.0,Export,2280,301.4
C1165,S5172,2024-03-01,10,6.0,API,983,81.3
C1165,S5172,2024-04-01,14,9.0,Integrations,184,234.6
C1165,S5172,2024-05-01,14,11.0,Reports,3154,297.5
C1165,S5172,2024-06-01,9,4.0,Dashboard,581,348.4
C1165,S5172,2024-07-01,20,12.0,Reports,189,191.1
C1165,S5172,2024-08-01,19,10.0,API,244,204.0
C1165,S5172,2024-09-01,16,6.0,API,2673,332.4
C1165,S5172,2024-10-01,11,6.0,Alerts,1614,200.4
C1165,S5172,2024-11-01,26,21.0,Dashboard,2982,332.6
C1165,S5172,2024-12-01,14,8.0,API,860,296.1
C1166,S5173,2024-08-01,6,4.0,Export,111,72.5
C1166,S5173,2024-09-01,10,8.0,Export,1234,267.5
C1166,S5173,2024-10-01,6,4.0,Integrations,3560,314.9
C1166,S5173,2024-11-01,4,3.0,Integrations,1700,185.8
C1166,S5173,2024-12-01,5,2.0,Reports,960,209.0
C1167,S5174,2023-04-01,1,0.0,Dashboard,1036,201.9
C1167,S5174,2023-05-01,5,4.0,Integrations,2524,180.2
C1167,S5174,2023-06-01,3,1.0,Integrations,1639,258.8
C1167,S5174,2023-07-01,2,1.0,Alerts,584,169.3
C1167,S5174,2023-08-01,7,3.0,Reports,316,258.3
C1167,S5174,2023-09-01,1,0.0,Reports,579,227.0
C1167,S5174,2023-10-01,8,3.0,Dashboard,648,274.0
C1167,S5174,2023-11-01,3,1.0,Dashboard,513,141.8
C1167,S5174,2023-12-01,3,2.0,Dashboard,1270,273.9
C1167,S5174,2024-01-01,5,2.0,API,576,193.1
C1167,S5174,2024-02-01,3,0.0,Alerts,1193,273.2
C1167,S5174,2024-03-01,2,0.0,Dashboard,947,262.1
C1167,S5174,2024-04-01,4,2.0,Integrations,676,187.2
C1167,S5174,2024-05-01,2,1.0,Integrations,7496,171.5
C1167,S5174,2024-06-01,3,1.0,Dashboard,375,221.6
C1167,S5174,2024-07-01,5,1.0,Alerts,66,304.7
C1167,S5174,2024-08-01,2,1.0,Integrations,2003,258.1
C1167,S5174,2024-09-01,1,0.0,Export,185,317.7
C1167,S5174,2024-10-01,3,1.0,Integrations,408,258.9
C1167,S5174,2024-11-01,3,2.0,Dashboard,3165,236.9
C1167,S5174,2024-12-01,0,0.0,Alerts,619,258.6
C1168,S5175,2023-10-01,17,7.0,Integrations,1401,148.6
C1168,S5175,2023-11-01,30,14.0,Integrations,172,345.7
C1168,S5175,2023-12-01,22,14.0,Integrations,225,150.2
C1168,S5175,2024-01-01,16,6.0,Export,443,375.6
C1168,S5175,2024-02-01,25,13.0,Integrations,1676,188.2
C1168,S5175,2024-03-01,16,7.0,Export,606,221.0
C1168,S5175,2024-04-01,19,12.0,Alerts,1751,236.3
C1168,S5175,2024-05-01,19,11.0,Integrations,471,346.0
C1168,S5175,2024-06-01,23,7.0,Dashboard,393,329.5
C1168,S5175,2024-07-01,29,14.0,Reports,1233,188.4
C1168,S5175,2024-08-01,18,9.0,Export,434,301.4
C1168,S5175,2024-09-01,25,12.0,Integrations,44,246.9
C1168,S5175,2024-10-01,23,20.0,Integrations,1646,277.9
C1168,S5175,2024-11-01,11,5.0,Dashboard,9,206.8
C1168,S5175,2024-12-01,25,13.0,Alerts,1765,391.7
C1169,S5176,2024-09-01,2,0.0,Dashboard,418,195.0
C1169,S5176,2024-10-01,9,6.0,Export,6866,336.5
C1169,S5176,2024-11-01,1,0.0,Export,68,111.8
C1169,S5176,2024-12-01,4,1.0,API,1299,451.6
C1170,S5177,2023-12-01,17,12.0,Export,1670,203.5
C1170,S5177,2024-01-01,17,12.0,API,652,246.3
C1170,S5177,2024-02-01,12,7.0,API,766,148.2
C1170,S5177,2024-03-01,14,7.0,Export,1692,200.6
C1170,S5177,2024-04-01,7,5.0,Dashboard,291,96.5
C1170,S5177,2024-05-01,7,3.0,Dashboard,484,17.6
C1171,S5178,2023-11-01,14,7.0,Export,145,198.8
C1171,S5178,2023-12-01,19,6.0,API,3616,312.8
C1171,S5178,2024-01-01,17,7.0,Integrations,1335,155.4
C1171,S5178,2024-02-01,19,7.0,Integrations,1350,327.0
C1171,S5178,2024-03-01,20,9.0,API,3205,399.2
C1171,S5178,2024-04-01,27,15.0,Export,1268,120.9
C1171,S5178,2024-05-01,14,11.0,Integrations,2948,156.6
C1171,S5178,2024-06-01,17,5.0,Integrations,301,204.3
C1171,S5178,2024-07-01,19,16.0,Reports,58,293.9
C1171,S5178,2024-08-01,18,15.0,Export,545,357.2
C1171,S5178,2024-09-01,25,10.0,Dashboard,61,215.7
C1171,S5178,2024-10-01,21,10.0,Export,4009,83.7
C1171,S5178,2024-11-01,18,8.0,Dashboard,1128,403.4
C1171,S5178,2024-12-01,22,9.0,API,411,195.2
C1172,S5179,2024-11-01,12,4.0,Export,484,160.8
C1172,S5179,2024-12-01,11,6.0,Integrations,1812,49.1
C1173,S5180,2024-09-01,10,7.0,API,923,198.7
C1173,S5180,2024-10-01,11,7.0,Reports,3050,208.7
C1173,S5180,2024-11-01,8,3.0,Reports,355,64.6
C1173,S5180,2024-12-01,6,3.0,Dashboard,2115,99.4
C1174,S5181,2024-08-01,14,6.0,Dashboard,907,178.0
C1174,S5181,2024-09-01,11,4.0,Alerts,3233,168.9
C1174,S5181,2024-10-01,11,3.0,API,885,257.2
C1174,S5181,2024-11-01,13,10.0,Export,147,143.7
C1174,S5181,2024-12-01,14,5.0,Export,2169,187.9
C1175,S5182,2023-05-01,6,2.0,Integrations,4707,438.2
C1175,S5182,2023-06-01,5,3.0,Reports,1205,291.6
C1175,S5182,2023-07-01,2,1.0,Integrations,1467,222.2
C1175,S5182,2023-08-01,5,3.0,Alerts,501,135.2
C1175,S5182,2023-09-01,7,2.0,Reports,720,191.4
C1175,S5182,2023-10-01,6,1.0,Integrations,806,247.1
C1175,S5182,2023-11-01,13,6.0,Export,745,223.8
C1175,S5182,2023-12-01,0,0.0,API,625,133.7
C1175,S5182,2024-01-01,5,4.0,Export,2075,351.9
C1175,S5182,2024-02-01,5,3.0,Alerts,953,98.2
C1175,S5182,2024-03-01,3,1.0,Export,706,200.8
C1175,S5182,2024-04-01,3,2.0,Dashboard,590,338.3
C1175,S5182,2024-05-01,3,2.0,Reports,123,324.6
C1175,S5182,2024-06-01,5,4.0,Alerts,11,104.5
C1175,S5182,2024-07-01,7,3.0,Integrations,480,236.8
C1175,S5182,2024-08-01,5,1.0,API,468,216.2
C1175,S5182,2024-09-01,8,2.0,Alerts,1700,214.5
C1175,S5182,2024-10-01,5,2.0,Alerts,2509,246.4
C1175,S5182,2024-11-01,6,2.0,Integrations,1173,190.4
C1175,S5182,2024-12-01,4,3.0,Integrations,753,285.8
C1176,S5183,2024-08-01,14,9.0,Dashboard,24,336.2
C1176,S5183,2024-09-01,16,6.0,API,56,118.3
C1176,S5183,2024-10-01,14,4.0,Integrations,467,176.7
C1176,S5183,2024-11-01,13,8.0,Reports,311,0.0
C1176,S5183,2024-12-01,3,2.0,API,651,166.9
C1177,S5184,2023-11-01,20,12.0,Integrations,769,283.4
C1177,S5184,2023-12-01,17,14.0,Export,972,263.4
C1177,S5184,2024-01-01,13,8.0,Reports,908,315.5
C1177,S5184,2024-02-01,21,9.0,Integrations,1626,325.9
C1177,S5184,2024-03-01,10,5.0,Alerts,51,140.6
C1177,S5184,2024-04-01,18,15.0,Export,3391,386.7
C1177,S5184,2024-05-01,15,12.0,Reports,263,97.6
C1177,S5184,2024-06-01,17,7.0,Dashboard,474,421.6
C1177,S5184,2024-07-01,13,4.0,API,1812,394.8
C1177,S5184,2024-08-01,25,22.0,Reports,2048,427.9
C1177,S5184,2024-09-01,21,13.0,API,2582,329.1
C1177,S5184,2024-10-01,10,5.0,Reports,819,252.9
C1177,S5184,2024-11-01,30,20.0,Export,1318,203.8
C1177,S5184,2024-12-01,15,10.0,Reports,875,238.2
C1178,S5185,2023-06-01,18,10.0,API,86,96.4
C1178,S5185,2023-07-01,22,8.0,Export,64,247.3
C1178,S5185,2023-08-01,19,13.0,Dashboard,1423,337.3
C1178,S5185,2023-09-01,18,7.0,Export,3940,209.0
C1178,S5185,2023-10-01,12,6.0,Integrations,1246,197.9
C1178,S5185,2023-11-01,19,14.0,Integrations,341,274.6
C1178,S5185,2023-12-01,23,10.0,Reports,2386,390.2
C1178,S5185,2024-01-01,24,12.0,Alerts,419,158.9
C1178,S5185,2024-02-01,19,14.0,Export,349,336.3
C1178,S5185,2024-03-01,18,13.0,API,286,190.2
C1178,S5185,2024-04-01,15,7.0,Dashboard,974,312.1
C1178,S5185,2024-05-01,15,7.0,API,2284,173.7
C1178,S5185,2024-06-01,26,22.0,API,2552,384.3
C1178,S5185,2024-07-01,19,10.0,Export,576,304.8
C1178,S5185,2024-08-01,17,8.0,API,53,325.5
C1178,S5185,2024-09-01,18,11.0,Integrations,1300,263.5
C1178,S5185,2024-10-01,24,13.0,Export,2831,227.3
C1178,S5185,2024-11-01,16,7.0,Reports,3100,189.0
C1178,S5185,2024-12-01,18,13.0,Reports,228,146.8
C1179,S5186,2023-08-01,7,3.0,Integrations,2815,174.5
C1179,S5186,2023-09-01,6,2.0,Export,1606,338.5
C1179,S5186,2023-10-01,3,1.0,Export,93,273.3
C1179,S5186,2023-11-01,8,6.0,Dashboard,129,123.2
C1179,S5186,2023-12-01,3,2.0,API,514,0.0
C1179,S5186,2024-01-01,1,0.0,API,119,91.7
C1179,S5186,2024-02-01,2,0.0,Export,469,47.4
C1180,S5187,2023-08-01,23,19.0,Reports,4216,239.7
C1180,S5187,2023-09-01,19,9.0,Dashboard,990,224.9
C1180,S5187,2023-10-01,15,8.0,Dashboard,223,249.3
C1180,S5187,2023-11-01,13,5.0,Alerts,125,227.9
C1180,S5187,2023-12-01,14,12.0,Export,521,176.0
C1180,S5187,2024-01-01,17,14.0,Integrations,527,122.5
C1180,S5187,2024-02-01,8,4.0,Alerts,211,202.9
C1180,S5187,2024-03-01,7,6.0,API,1329,205.9
C1180,S5187,2024-04-01,11,9.0,Dashboard,34,207.8
C1180,S5187,2024-05-01,7,3.0,Integrations,549,0.0
C1180,S5187,2024-06-01,8,5.0,Dashboard,271,135.0
C1181,S5188,2024-09-01,31,13.0,Reports,80,152.1
C1181,S5188,2024-10-01,18,11.0,Reports,2418,166.2
C1181,S5188,2024-11-01,12,8.0,Export,114,226.3
C1181,S5188,2024-12-01,4,2.0,Reports,129,181.2
C1182,S5189,2023-09-01,2,1.0,Dashboard,34,351.1
C1182,S5189,2023-10-01,4,3.0,API,610,122.0
C1182,S5189,2023-11-01,6,3.0,Export,1034,72.4
C1182,S5189,2023-12-01,2,1.0,Alerts,1144,89.5
C1182,S5189,2024-01-01,2,0.0,Reports,1551,332.2
C1182,S5189,2024-02-01,4,2.0,Export,456,144.2
C1182,S5189,2024-03-01,3,1.0,Reports,3757,135.2
C1182,S5189,2024-04-01,3,0.0,Dashboard,2611,70.5
C1182,S5189,2024-05-01,2,1.0,Alerts,889,162.0
C1182,S5189,2024-06-01,1,0.0,Alerts,381,152.7
C1182,S5189,2024-07-01,4,1.0,Dashboard,948,180.3
C1182,S5189,2024-08-01,2,1.0,Alerts,184,110.1
C1182,S5189,2024-09-01,1,0.0,Integrations,99,57.1
C1182,S5189,2024-10-01,0,0.0,Reports,50,170.8
C1182,S5189,2024-11-01,1,0.0,Export,295,156.1
C1182,S5189,2024-12-01,0,0.0,Integrations,132,201.5
C1183,S5190,2024-04-01,5,3.0,Alerts,2818,175.1
C1183,S5190,2024-05-01,12,6.0,Integrations,2967,233.1
C1183,S5190,2024-06-01,8,6.0,Integrations,1105,217.6
C1183,S5190,2024-07-01,5,3.0,Export,1110,121.9
C1183,S5190,2024-08-01,3,2.0,Export,75,133.1
C1183,S5190,2024-09-01,6,2.0,Reports,504,105.3
C1183,S5190,2024-10-01,6,2.0,Export,495,67.6
C1183,S5190,2024-11-01,5,1.0,Dashboard,54,78.7
C1183,S5190,2024-12-01,2,1.0,Export,1508,209.5
C1184,S5192,2023-04-01,8,4.0,Export,998,329.7
C1184,S5192,2023-05-01,3,1.0,Dashboard,599,381.5
C1184,S5192,2023-06-01,10,8.0,Export,1986,60.5
C1184,S5192,2023-07-01,6,2.0,API,247,340.9
C1184,S5192,2023-08-01,7,4.0,API,3161,123.2
C1184,S5192,2023-09-01,9,4.0,API,17,144.2
C1184,S5192,2023-10-01,8,2.0,Reports,1271,190.0
C1184,S5192,2023-11-01,5,3.0,Integrations,1121,243.7
C1184,S5192,2023-12-01,15,4.0,Reports,699,410.2
C1184,S5192,2024-01-01,8,2.0,Alerts,2751,382.9
C1184,S5192,2024-02-01,15,6.0,Integrations,175,261.4
C1184,S5192,2024-03-01,7,3.0,Alerts,428,277.9
C1184,S5192,2024-04-01,5,2.0,Alerts,1281,252.6
C1184,S5192,2024-05-01,12,8.0,API,31,233.3
C1184,S5192,2024-06-01,10,5.0,Export,323,242.8
C1184,S5192,2024-07-01,7,5.0,Alerts,287,286.5
C1184,S5192,2024-08-01,13,6.0,Alerts,506,313.9
C1184,S5192,2024-09-01,11,8.0,Integrations,27,143.9
C1184,S5192,2024-10-01,5,3.0,Integrations,1739,234.35
C1184,S5192,2024-11-01,14,10.0,Alerts,3544,186.9
C1184,S5192,2024-12-01,14,9.0,Alerts,693,276.6
C1185,S5193,2024-08-01,17,9.0,Export,1304,302.0
C1185,S5193,2024-09-01,9,3.0,Alerts,396,279.7
C1185,S5193,2024-10-01,11,9.0,Export,394,203.0
C1185,S5193,2024-11-01,9,4.0,API,1048,59.7
C1185,S5193,2024-12-01,7,2.0,Alerts,3144,171.8
C1186,S5194,2023-10-01,9,6.0,Export,776,186.7
C1186,S5194,2023-11-01,9,7.0,Dashboard,270,236.7
C1186,S5194,2023-12-01,9,6.0,Dashboard,1383,322.4
C1186,S5194,2024-01-01,4,3.0,Export,894,195.5
C1186,S5194,2024-02-01,10,6.0,Dashboard,245,266.2
C1186,S5194,2024-03-01,3,1.0,Export,377,273.0
C1186,S5194,2024-04-01,6,2.0,Alerts,2436,152.8
C1186,S5194,2024-05-01,2,0.0,Integrations,1416,330.7
C1186,S5194,2024-06-01,9,5.0,Export,595,285.3
C1186,S5194,2024-07-01,5,1.0,API,2325,215.3
C1186,S5194,2024-08-01,6,2.0,Dashboard,206,327.4
C1186,S5194,2024-09-01,8,6.0,Dashboard,8697,354.0
C1186,S5194,2024-10-01,9,4.0,Integrations,494,228.5
C1186,S5194,2024-11-01,8,4.0,API,1706,209.7
C1186,S5194,2024-12-01,7,6.0,Dashboard,269,214.2
C1187,S5195,2024-03-01,26,16.0,Dashboard,777,221.3
C1187,S5195,2024-04-01,23,20.0,Reports,2137,328.7
C1187,S5195,2024-05-01,14,7.0,Reports,3074,271.7
C1187,S5195,2024-06-01,19,13.0,Alerts,7625,341.1
C1187,S5195,2024-07-01,28,12.0,Dashboard,1448,318.5
C1187,S5195,2024-08-01,12,6.0,Export,10,248.6
C1187,S5195,2024-09-01,21,10.0,API,1765,275.5
C1187,S5195,2024-10-01,21,12.0,Dashboard,952,434.9
C1187,S5195,2024-11-01,23,14.0,Reports,62,248.5
C1187,S5195,2024-12-01,22,12.0,API,267,287.1
C1188,S5196,2023-07-01,15,12.0,API,818,292.1
C1188,S5196,2023-08-01,19,12.0,Alerts,2440,237.3
C1188,S5196,2023-09-01,26,18.0,Dashboard,3658,370.8
C1188,S5196,2023-10-01,22,18.0,Integrations,304,304.1
C1188,S5196,2023-11-01,15,10.0,Export,3699,227.8
C1188,S5196,2023-12-01,25,17.0,Integrations,1695,389.4
C1188,S5196,2024-01-01,29,19.0,Export,1038,229.9
C1188,S5196,2024-02-01,24,14.0,Reports,862,339.0
C1188,S5196,2024-03-01,21,11.0,Reports,935,81.5
C1188,S5196,2024-04-01,20,13.0,Reports,3715,185.6
C1188,S5196,2024-05-01,15,13.0,Export,1503,169.1
C1188,S5196,2024-06-01,24,9.0,Integrations,5463,267.5
C1188,S5196,2024-07-01,16,6.0,Dashboard,2376,313.0
C1188,S5196,2024-08-01,28,14.0,Reports,2115,328.9
C1188,S5196,2024-09-01,17,7.0,API,1255,214.0
C1188,S5196,2024-10-01,21,13.0,Export,525,396.9
C1188,S5196,2024-11-01,28,22.0,Dashboard,2014,222.2
C1188,S5196,2024-12-01,24,17.0,Dashboard,735,239.2
C1189,S5197,2024-08-01,6,2.0,Alerts,1580,228.9
C1189,S5197,2024-09-01,5,3.0,Dashboard,2698,203.1
C1189,S5197,2024-10-01,2,1.0,API,4180,83.9
C1189,S5197,2024-11-01,4,2.0,Reports,0,7.6
C1189,S5197,2024-12-01,2,1.0,Dashboard,138,80.8
C1190,S5198,2023-02-01,1,0.0,Dashboard,97,319.4
C1190,S5198,2023-03-01,1,0.0,Reports,623,115.1
C1190,S5198,2023-04-01,3,1.0,Alerts,498,249.9
C1190,S5198,2023-05-01,4,2.0,API,699,212.4
C1190,S5198,2023-06-01,4,1.0,Reports,322,244.7
C1190,S5198,2023-07-01,6,3.0,API,1248,319.3
C1190,S5198,2023-08-01,3,1.0,Reports,239,374.0
C1190,S5198,2023-09-01,1,0.0,Integrations,3028,225.0
C1190,S5198,2023-10-01,4,1.0,Dashboard,1560,238.7
C1190,S5198,2023-11-01,2,1.0,Dashboard,231,123.5
C1190,S5198,2023-12-01,0,0.0,Reports,4217,249.0
C1190,S5198,2024-01-01,4,2.0,Integrations,178,360.9
C1190,S5198,2024-02-01,2,1.0,Dashboard,1361,274.7
C1190,S5198,2024-03-01,5,3.0,Reports,2145,264.5
C1190,S5198,2024-04-01,1,0.0,Reports,163,293.3
C1190,S5198,2024-05-01,2,0.0,Alerts,765,109.5
C1190,S5198,2024-06-01,2,1.0,Reports,1562,271.8
C1190,S5198,2024-07-01,2,0.0,Reports,275,332.7
C1190,S5198,2024-08-01,2,1.0,Dashboard,380,422.0
C1190,S5198,2024-09-01,2,0.0,Dashboard,2723,133.6
C1190,S5198,2024-10-01,0,0.0,Export,478,177.0
C1190,S5198,2024-11-01,1,0.0,Alerts,497,280.6
C1190,S5198,2024-12-01,1,0.0,Dashboard,1179,303.1
C1191,S5199,2023-12-01,18,10.0,API,2557,253.1
C1191,S5199,2024-01-01,22,6.0,Dashboard,1152,349.6
C1191,S5199,2024-02-01,21,8.0,API,1440,108.3
C1191,S5199,2024-03-01,18,12.0,Reports,1056,260.4
C1191,S5199,2024-04-01,20,12.0,Export,403,378.5
C1191,S5199,2024-05-01,15,7.0,Reports,634,249.9
C1191,S5199,2024-06-01,19,8.0,Dashboard,261,140.2
C1191,S5199,2024-07-01,23,8.0,API,176,326.0
C1191,S5199,2024-08-01,19,17.0,Reports,179,281.9
C1191,S5199,2024-09-01,21,12.0,Integrations,941,233.1
C1191,S5199,2024-10-01,12,6.0,Dashboard,1204,112.2
C1191,S5199,2024-11-01,14,11.0,Reports,2025,194.0
C1191,S5199,2024-12-01,24,14.0,Reports,1014,354.2
C1192,S5200,2023-07-01,5,4.0,Alerts,1972,190.9
C1192,S5200,2023-08-01,0,0.0,Export,744,375.3
C1192,S5200,2023-09-01,6,2.0,API,197,280.6
C1192,S5200,2023-10-01,4,3.0,Reports,428,307.4
C1192,S5200,2023-11-01,4,2.0,Dashboard,0,172.1
C1192,S5200,2023-12-01,4,2.0,Export,1046,167.5
C1192,S5200,2024-01-01,5,2.0,Dashboard,4814,168.3
C1192,S5200,2024-02-01,1,0.0,Export,2445,300.4
C1192,S5200,2024-03-01,1,0.0,Integrations,571,276.9
C1192,S5200,2024-04-01,5,2.0,Reports,455,142.4
C1192,S5200,2024-05-01,3,2.0,Dashboard,1156,358.2
C1192,S5200,2024-06-01,2,1.0,Alerts,1743,208.2
C1192,S5200,2024-07-01,5,1.0,Export,557,387.2
C1192,S5200,2024-08-01,6,5.0,Alerts,497,211.7
C1192,S5200,2024-09-01,1,0.0,Export,1393,297.5
C1192,S5200,2024-10-01,2,1.0,Integrations,1238,128.2
C1192,S5200,2024-11-01,3,2.0,Integrations,2285,275.5
C1192,S5200,2024-12-01,5,3.0,Alerts,1257,196.9
C1193,S5201,2024-08-01,3,1.0,Alerts,1897,332.1
C1193,S5201,2024-09-01,4,2.0,Export,977,162.4
C1193,S5201,2024-10-01,2,0.0,Integrations,866,187.2
C1193,S5201,2024-11-01,3,2.0,Integrations,876,448.3
C1193,S5201,2024-12-01,6,5.0,Alerts,446,368.6
C1194,S5202,2024-03-01,14,4.0,API,540,277.2
C1194,S5202,2024-04-01,11,8.0,Dashboard,807,209.8
C1194,S5202,2024-05-01,11,4.0,API,2980,156.6
C1194,S5202,2024-06-01,11,9.0,Export,710,293.5
C1194,S5202,2024-07-01,12,10.0,Alerts,112,10.8
C1194,S5202,2024-08-01,11,8.0,Integrations,1782,172.7
C1194,S5202,2024-09-01,10,5.0,Alerts,148,161.6
C1194,S5202,2024-10-01,11,3.0,Export,76,139.3
C1194,S5202,2024-11-01,8,6.0,API,210,0.0
C1194,S5202,2024-12-01,6,5.0,API,610,134.0
C1195,S5204,2023-05-01,15,12.0,Dashboard,494,194.5
C1195,S5204,2023-06-01,8,4.0,Export,980,57.2
C1195,S5204,2023-07-01,6,2.0,Export,992,179.1
C1195,S5204,2023-08-01,7,6.0,Dashboard,1556,273.7
C1195,S5204,2023-09-01,18,8.0,Integrations,1065,167.8
C1195,S5204,2023-10-01,10,5.0,API,1765,235.2
C1195,S5204,2023-11-01,18,8.0,Export,604,261.1
C1195,S5204,2023-12-01,8,2.0,API,50,352.4
C1195,S5204,2024-01-01,7,4.0,API,206,224.0
C1195,S5204,2024-02-01,12,5.0,Reports,90,129.0
C1195,S5204,2024-03-01,12,4.0,Alerts,584,219.2
C1195,S5204,2024-04-01,13,10.0,Reports,275,179.0
C1195,S5204,2024-05-01,8,4.0,Reports,550,244.6
C1195,S5204,2024-06-01,8,5.0,Export,431,382.1
C1195,S5204,2024-07-01,12,8.0,Alerts,5400,258.6
C1195,S5204,2024-08-01,12,3.0,API,383,240.0
C1195,S5204,2024-09-01,11,8.0,Alerts,753,312.8
C1195,S5204,2024-10-01,8,4.0,Reports,1468,340.5
C1195,S5204,2024-11-01,17,9.0,Reports,991,165.4
C1195,S5204,2024-12-01,14,9.0,API,1748,252.7
C1196,S5205,2023-03-01,2,1.0,Alerts,2020,202.3
C1196,S5205,2023-04-01,2,0.0,API,1053,267.2
C1196,S5205,2023-05-01,0,0.0,API,497,12.2
C1196,S5205,2023-06-01,2,1.0,Dashboard,20,108.1
C1197,S5206,2024-04-01,9,6.0,API,1223,295.2
C1197,S5206,2024-05-01,14,8.0,Integrations,613,330.6
C1197,S5206,2024-06-01,8,6.0,API,882,169.3
C1197,S5206,2024-07-01,14,9.0,Alerts,7134,306.4
C1197,S5206,2024-08-01,6,2.0,Export,148,308.2
C1197,S5206,2024-09-01,11,6.0,API,1103,242.6
C1197,S5206,2024-10-01,6,1.0,Integrations,2889,270.4
C1197,S5206,2024-11-01,11,7.0,Integrations,5636,179.9
C1197,S5206,2024-12-01,7,4.0,Alerts,86,353.0
C1198,S5207,2023-04-01,19,7.0,Dashboard,367,230.5
C1198,S5207,2023-05-01,15,8.0,API,1835,309.6
C1198,S5207,2023-06-01,13,5.0,Alerts,1442,274.9
C1198,S5207,2023-07-01,28,11.0,Dashboard,3550,259.4
C1198,S5207,2023-08-01,24,8.0,Alerts,430,384.7
C1198,S5207,2023-09-01,16,10.0,Dashboard,3760,400.2
C1198,S5207,2023-10-01,17,12.0,Export,2105,286.9
C1198,S5207,2023-11-01,17,10.0,Reports,3179,181.1
C1198,S5207,2023-12-01,29,19.0,Dashboard,5,261.0
C1198,S5207,2024-01-01,17,11.0,Export,1864,324.3
C1198,S5207,2024-02-01,13,8.0,Alerts,221,253.2
C1198,S5207,2024-03-01,20,12.0,Alerts,584,288.1
C1198,S5207,2024-04-01,18,6.0,Dashboard,351,206.2
C1198,S5207,2024-05-01,15,5.0,Dashboard,4125,119.4
C1198,S5207,2024-06-01,23,14.0,Integrations,1122,177.2
C1198,S5207,2024-07-01,14,4.0,Dashboard,26,192.1
C1198,S5207,2024-08-01,16,7.0,Dashboard,162,348.0
C1198,S5207,2024-09-01,18,5.0,API,661,192.0
C1198,S5207,2024-10-01,15,8.0,API,350,177.0
C1198,S5207,2024-11-01,12,3.0,Export,1501,182.6
C1198,S5207,2024-12-01,18,6.0,API,542,319.6
C1199,S5208,2024-08-01,2,1.0,Alerts,1270,281.5
C1199,S5208,2024-09-01,2,0.0,Integrations,461,363.2
C1199,S5208,2024-10-01,4,2.0,Dashboard,1314,292.4
C1199,S5208,2024-11-01,1,0.0,Reports,1599,84.9
C1199,S5208,2024-12-01,3,2.0,Reports,2361,219.4
C1200,S5209,2024-11-01,9,4.0,API,176,119.5
C1200,S5209,2024-12-01,12,3.0,API,751,328.4
C1201,S5210,2024-12-01,20,9.0,API,185,337.2
C1202,S5211,2024-12-01,18,6.0,API,1956,335.6
C1203,S5213,2024-10-01,14,7.0,Dashboard,1663,271.1
C1203,S5213,2024-11-01,9,5.0,Dashboard,2809,452.9
C1203,S5213,2024-12-01,13,10.0,Integrations,3642,97.0
C1204,S5214,2023-02-01,17,12.0,Dashboard,269,314.4
C1204,S5214,2023-03-01,18,9.0,API,148,145.8
C1204,S5214,2023-04-01,16,11.0,Reports,3534,262.2
C1204,S5214,2023-05-01,11,9.0,Export,638,360.4
C1204,S5214,2023-06-01,11,6.0,Alerts,169,370.4
C1204,S5214,2023-07-01,14,11.0,Integrations,144,312.9
C1204,S5214,2023-08-01,16,11.0,Integrations,1559,241.7
C1204,S5214,2023-09-01,16,13.0,Alerts,264,179.3
C1204,S5214,2023-10-01,14,8.0,Alerts,565,168.6
C1204,S5214,2023-11-01,17,5.0,Integrations,543,366.7
C1204,S5214,2023-12-01,18,15.0,Export,2040,186.8
C1204,S5214,2024-01-01,12,6.0,Integrations,1015,181.4
C1204,S5214,2024-02-01,14,10.0,Alerts,802,185.9
C1204,S5214,2024-03-01,14,7.0,Export,3651,217.4
C1204,S5214,2024-04-01,15,11.0,Dashboard,913,309.7
C1204,S5214,2024-05-01,13,10.0,Dashboard,786,332.5
C1204,S5214,2024-06-01,14,8.0,Reports,937,136.4
C1204,S5214,2024-07-01,15,8.0,Integrations,909,375.3
C1204,S5214,2024-08-01,15,5.0,Export,578,173.6
C1204,S5214,2024-09-01,17,12.0,API,657,276.8
C1204,S5214,2024-10-01,15,6.0,Reports,2430,372.6
C1204,S5214,2024-11-01,10,5.0,Reports,405,375.9
C1204,S5214,2024-12-01,11,4.0,API,499,368.4
C1205,S5215,2023-11-01,8,5.0,Alerts,92,165.6
C1205,S5215,2023-12-01,6,5.0,Dashboard,135,221.5
C1205,S5215,2024-01-01,11,9.0,Dashboard,1416,262.9
C1205,S5215,2024-02-01,9,6.0,API,710,215.3
C1205,S5215,2024-03-01,12,7.0,Export,4327,183.0
C1205,S5215,2024-04-01,5,4.0,Alerts,309,337.8
C1205,S5215,2024-05-01,8,3.0,Alerts,120,130.7
C1205,S5215,2024-06-01,6,2.0,Integrations,1212,199.7
C1205,S5215,2024-07-01,11,3.0,Integrations,217,147.0
C1205,S5215,2024-08-01,2,1.0,Dashboard,827,111.4
C1205,S5215,2024-09-01,6,2.0,API,44,40.3
C1205,S5215,2024-10-01,3,0.0,Dashboard,155,6.8
C1206,S5216,2023-04-01,20,9.0,Export,1373,293.5
C1206,S5216,2023-05-01,21,8.0,Alerts,907,360.0
C1206,S5216,2023-06-01,14,11.0,Reports,260,260.1
C1206,S5216,2023-07-01,18,10.0,Alerts,209,248.8
C1206,S5216,2023-08-01,19,16.0,Dashboard,993,246.6
C1206,S5216,2023-09-01,14,9.0,Alerts,2230,162.8
C1206,S5216,2023-10-01,13,11.0,API,316,271.1
C1206,S5216,2023-11-01,13,5.0,Reports,4279,81.2
C1206,S5216,2023-12-01,17,8.0,Dashboard,2300,326.1
C1206,S5216,2024-01-01,12,9.0,API,1373,375.6
C1206,S5216,2024-02-01,17,6.0,Integrations,2038,228.5
C1206,S5216,2024-03-01,13,9.0,Integrations,3510,338.0
C1206,S5216,2024-04-01,17,7.0,Reports,1331,147.4
C1206,S5216,2024-05-01,20,14.0,Reports,111,331.5
C1206,S5216,2024-06-01,16,5.0,Alerts,3510,232.8
C1206,S5216,2024-07-01,33,24.0,Reports,1807,278.5
C1206,S5216,2024-08-01,15,10.0,Export,240,334.2
C1206,S5216,2024-09-01,10,5.0,Dashboard,7,166.2
C1206,S5216,2024-10-01,16,10.0,Integrations,2030,283.1
C1206,S5216,2024-11-01,18,9.0,Alerts,155,111.7
C1206,S5216,2024-12-01,13,4.0,Dashboard,1945,168.2
C1207,S5217,2023-04-01,31,15.0,Alerts,1694,233.8
C1207,S5217,2023-05-01,21,6.0,Alerts,3905,239.6
C1207,S5217,2023-06-01,15,8.0,Integrations,572,182.1
C1207,S5217,2023-07-01,27,16.0,Dashboard,3050,344.1
C1207,S5217,2023-08-01,19,9.0,Export,460,270.3
C1207,S5217,2023-09-01,22,16.0,Dashboard,800,422.4
C1207,S5217,2023-10-01,26,9.0,Export,437,325.9
C1207,S5217,2023-11-01,15,12.0,Reports,281,292.5
C1207,S5217,2023-12-01,10,4.0,Reports,615,235.0
C1207,S5217,2024-01-01,21,11.0,Reports,1297,156.7
C1207,S5217,2024-02-01,6,3.0,API,1676,325.0
C1207,S5217,2024-03-01,16,10.0,Export,6076,253.3
C1207,S5217,2024-04-01,17,11.0,Integrations,677,67.0
C1207,S5217,2024-05-01,13,9.0,Dashboard,3173,42.7
C1207,S5217,2024-06-01,16,4.0,Integrations,971,367.0
C1207,S5217,2024-07-01,15,7.0,API,29,158.4
C1207,S5217,2024-08-01,18,9.0,Alerts,1190,322.8
C1207,S5217,2024-09-01,17,5.0,Integrations,461,219.3
C1207,S5217,2024-10-01,22,9.0,Alerts,972,280.7
C1207,S5217,2024-11-01,15,6.0,Reports,401,162.0
C1207,S5217,2024-12-01,11,7.0,Integrations,571,285.7
C1208,S5218,2023-10-01,0,0.0,API,115,134.7
C1208,S5218,2023-11-01,4,2.0,Export,215,299.7
C1208,S5218,2023-12-01,0,0.0,Integrations,3938,197.0
C1208,S5218,2024-01-01,4,2.0,Alerts,495,275.0
C1208,S5218,2024-02-01,2,1.0,Reports,1045,141.9
C1208,S5218,2024-03-01,2,0.0,Export,288,135.7
C1208,S5218,2024-04-01,1,0.0,Export,2070,200.9
C1208,S5218,2024-05-01,2,1.0,Reports,378,136.4
C1208,S5218,2024-06-01,1,5.0,Reports,1464,164.9
C1208,S5218,2024-07-01,2,0.0,Integrations,40,103.6
C1208,S5218,2024-08-01,1,0.0,Reports,177,129.0
C1208,S5218,2024-09-01,2,1.0,Export,66,0.0
C1209,S5219,2023-08-01,8,3.0,Alerts,272,292.5
C1209,S5219,2023-09-01,7,5.0,Alerts,4195,255.9
C1209,S5219,2023-10-01,4,1.0,Reports,798,172.3
C1209,S5219,2023-11-01,5,4.0,Dashboard,807,232.9
C1209,S5219,2023-12-01,4,1.0,Reports,397,234.5
C1209,S5219,2024-01-01,2,1.0,Export,385,160.5
C1210,S5220,2023-12-01,6,2.0,Reports,50,193.5
C1210,S5220,2024-01-01,5,2.0,Alerts,1465,291.7
C1210,S5220,2024-02-01,5,4.0,Dashboard,20,54.7
C1210,S5220,2024-03-01,6,5.0,Integrations,270,155.3
C1210,S5220,2024-04-01,4,3.0,Export,1540,128.6
C1210,S5220,2024-05-01,6,1.0,Alerts,685,105.7
C1210,S5220,2024-06-01,2,0.0,Reports,939,43.2
C1210,S5220,2024-07-01,2,1.0,Reports,278,0.0
C1211,S5221,2024-10-01,17,7.0,Dashboard,299,355.4
C1211,S5221,2024-11-01,15,6.0,Export,1689,416.7
C1211,S5221,2024-12-01,20,12.0,Reports,1114,239.3
C1212,S5222,2023-06-01,11,5.0,Export,435,263.6
C1212,S5222,2023-07-01,9,5.0,Alerts,352,209.7
C1212,S5222,2023-08-01,11,7.0,API,4176,280.6
C1212,S5222,2023-09-01,6,3.0,Reports,1866,209.9
C1212,S5222,2023-10-01,11,8.0,Reports,242,65.8
C1212,S5222,2023-11-01,5,1.0,API,1162,263.0
C1212,S5222,2023-12-01,7,5.0,Dashboard,2116,225.6
C1212,S5222,2024-01-01,12,7.0,Dashboard,2401,185.8
C1212,S5222,2024-02-01,11,6.0,Reports,123,500.7
C1212,S5222,2024-03-01,11,9.0,API,870,344.2
C1212,S5222,2024-04-01,7,4.0,API,1199,271.6
C1212,S5222,2024-05-01,10,6.0,Integrations,1123,228.0
C1212,S5222,2024-06-01,10,4.0,Dashboard,783,271.6
C1212,S5222,2024-07-01,12,7.0,Export,825,149.6
C1212,S5222,2024-08-01,10,5.0,API,47,246.4
C1212,S5222,2024-09-01,10,3.0,Reports,1863,341.2
C1212,S5222,2024-10-01,13,11.0,Reports,1032,353.6
C1212,S5222,2024-11-01,13,6.0,API,636,212.3
C1212,S5222,2024-12-01,6,4.0,Alerts,247,334.4
C1213,S5223,2024-11-01,11,9.0,Integrations,695,315.0
C1213,S5223,2024-12-01,6,4.0,API,131,120.3
C1214,S5224,2024-11-01,18,11.0,Export,4713,308.7
C1214,S5224,2024-12-01,13,8.0,Integrations,20,196.8
C1215,S5225,2024-08-01,2,1.0,Alerts,1490,230.1
C1215,S5225,2024-09-01,7,2.0,Export,725,211.0
C1215,S5225,2024-10-01,3,1.0,Export,441,298.0
C1215,S5225,2024-11-01,2,0.0,Export,534,349.3
C1215,S5225,2024-12-01,4,2.0,Dashboard,1735,303.6
C1216,S5226,2023-08-01,5,2.0,Export,959,300.3
C1216,S5226,2023-09-01,3,1.0,Dashboard,3397,247.6
C1216,S5226,2023-10-01,7,4.0,API,239,216.2
C1216,S5226,2023-11-01,9,3.0,Export,419,268.9
C1216,S5226,2023-12-01,5,3.0,Export,3179,264.3
C1216,S5226,2024-01-01,8,5.0,Export,81,306.7
C1216,S5226,2024-02-01,7,5.0,Integrations,637,259.3
C1216,S5226,2024-03-01,9,3.0,Integrations,1711,325.5
C1216,S5226,2024-04-01,9,5.0,Dashboard,341,401.6
C1216,S5226,2024-05-01,3,2.0,Alerts,309,275.1
C1216,S5226,2024-06-01,5,2.0,Integrations,364,266.8
C1216,S5226,2024-07-01,3,1.0,Dashboard,2513,279.4
C1216,S5226,2024-08-01,3,2.0,Reports,60,289.9
C1216,S5226,2024-09-01,4,3.0,API,577,153.4
C1216,S5226,2024-10-01,6,4.0,Export,3610,319.2
C1216,S5226,2024-11-01,3,1.0,Dashboard,1810,171.7
C1216,S5226,2024-12-01,4,2.0,Alerts,439,151.8
C1217,S5227,2023-03-01,20,9.0,Export,161,312.1
C1217,S5227,2023-04-01,9,4.0,Export,4713,386.7
C1217,S5227,2023-05-01,24,16.0,Reports,1962,380.3
C1217,S5227,2023-06-01,17,8.0,Dashboard,882,0.0
C1217,S5227,2023-07-01,22,19.0,API,120,137.6
C1217,S5227,2023-08-01,20,16.0,Dashboard,684,285.4
C1217,S5227,2023-09-01,10,8.0,Integrations,810,93.9
C1217,S5227,2023-10-01,10,3.0,API,241,135.4
C1217,S5227,2023-11-01,10,4.0,Dashboard,464,166.9
C1217,S5227,2023-12-01,5,3.0,Integrations,378,34.7
C1217,S5227,2024-01-01,6,3.0,Integrations,50,0.0
C1217,S5227,2024-02-01,6,2.0,Export,521,245.9
C1219,S5229,2023-03-01,11,5.0,Reports,384,303.8
C1219,S5229,2023-04-01,11,5.0,Integrations,1768,194.2
C1219,S5229,2023-05-01,4,2.0,Export,367,144.2
C1219,S5229,2023-06-01,7,6.0,Dashboard,70,169.3
C1219,S5229,2023-07-01,5,2.0,Integrations,364,12.1
C1219,S5230,2023-10-01,7,5.0,Alerts,2251,183.6
C1219,S5230,2023-11-01,6,3.0,Alerts,93,309.6
C1219,S5230,2023-12-01,5,2.0,Dashboard,1423,175.8
C1219,S5230,2024-01-01,3,1.0,Reports,1335,211.0
C1219,S5230,2024-02-01,8,3.0,Dashboard,493,187.7
C1219,S5230,2024-03-01,9,7.0,Dashboard,221,256.5
C1219,S5230,2024-04-01,7,2.0,Reports,1702,222.1
C1219,S5230,2024-05-01,6,3.0,API,199,315.1
C1219,S5230,2024-06-01,7,5.0,API,7432,280.4
C1219,S5230,2024-07-01,12,6.0,API,1772,203.6
C1219,S5230,2024-08-01,7,3.0,Dashboard,322,168.7
C1219,S5230,2024-09-01,7,6.0,API,320,349.9
C1219,S5230,2024-10-01,11,3.0,Integrations,247,365.5
C1219,S5230,2024-11-01,10,8.0,Reports,3450,246.2
C1219,S5230,2024-12-01,4,3.0,Reports,24,229.3
C1220,S5231,2023-02-01,16,14.0,Dashboard,845,311.1
C1220,S5231,2023-03-01,8,5.0,Integrations,2389,141.2
C1220,S5231,2023-04-01,11,3.0,Dashboard,4391,412.1
C1220,S5231,2023-05-01,10,4.0,Integrations,629,252.7
C1220,S5231,2023-06-01,14,11.0,API,1951,321.4
C1220,S5231,2023-07-01,11,7.0,Integrations,826,194.4
C1220,S5231,2023-08-01,15,4.0,API,251,231.7
C1220,S5231,2023-09-01,9,7.0,API,2756,218.4
C1220,S5231,2023-10-01,16,11.0,Integrations,1326,354.5
C1220,S5231,2023-11-01,11,5.0,API,931,179.5
C1220,S5231,2023-12-01,9,7.0,API,1560,178.8
C1220,S5231,2024-01-01,11,6.0,Integrations,146,276.5
C1220,S5231,2024-02-01,9,5.0,Export,1938,249.0
C1220,S5231,2024-03-01,13,6.0,Integrations,1573,316.4
C1220,S5231,2024-04-01,15,7.0,API,452,335.3
C1220,S5231,2024-05-01,5,1.0,Integrations,1552,265.3
C1220,S5231,2024-06-01,10,8.0,Integrations,1858,297.0
C1220,S5231,2024-07-01,11,5.0,Dashboard,168,270.1
C1220,S5231,2024-08-01,13,6.0,API,924,201.6
C1220,S5231,2024-09-01,7,2.0,Alerts,1344,237.7
C1220,S5231,2024-10-01,10,8.0,Reports,4240,327.5
C1220,S5231,2024-11-01,12,9.0,API,206,86.8
C1220,S5231,2024-12-01,15,8.0,Export,301,235.0
C1221,S5232,2023-05-01,13,8.0,Reports,73,179.3
C1221,S5232,2023-06-01,11,6.0,Dashboard,5426,116.1
C1221,S5232,2023-07-01,8,4.0,API,1654,143.9
C1221,S5232,2023-08-01,7,2.0,Alerts,290,249.9
C1221,S5232,2023-09-01,7,5.0,Reports,554,132.3
C1221,S5232,2023-10-01,8,6.0,Alerts,3043,289.4
C1221,S5232,2023-11-01,10,6.0,Export,410,47.0
C1221,S5232,2023-12-01,4,1.0,API,208,62.3
C1221,S5232,2024-01-01,7,2.0,Integrations,799,0.0
C1221,S5232,2024-02-01,5,3.0,Reports,1694,0.0
C1221,S5232,2024-03-01,5,3.0,Integrations,547,180.8
C1221,S5232,2024-04-01,6,4.0,Integrations,154,195.1
C1221,S5232,2024-05-01,9,4.0,Reports,259,43.9
C1221,S5232,2024-06-01,3,1.0,Export,140,5.3
C1221,S5232,2024-07-01,1,0.0,Export,91,101.6
C1221,S5232,2024-08-01,4,1.0,Integrations,326,50.5
C1222,S5233,2024-09-01,19,10.0,Dashboard,104,271.1
C1222,S5233,2024-10-01,16,13.0,Integrations,1147,205.0
C1222,S5233,2024-11-01,7,4.0,Dashboard,487,242.5
C1222,S5233,2024-12-01,11,8.0,API,626,294.7
C1223,S5234,2024-08-01,17,7.0,Integrations,1696,309.4
C1223,S5234,2024-09-01,22,18.0,API,265,218.4
C1223,S5234,2024-10-01,17,12.0,Alerts,594,300.4
C1223,S5234,2024-11-01,20,11.0,Reports,2118,371.9
C1223,S5234,2024-12-01,23,13.0,Alerts,847,134.6
C1224,S5235,2024-02-01,3,2.0,API,149,79.2
C1224,S5235,2024-03-01,3,1.0,Dashboard,2062,173.0
C1224,S5235,2024-04-01,1,0.0,Reports,1808,283.8
C1224,S5235,2024-05-01,5,2.0,Export,631,245.4
C1224,S5235,2024-06-01,4,2.0,Integrations,621,146.3
C1224,S5235,2024-07-01,4,3.0,Integrations,686,198.8
C1224,S5235,2024-08-01,5,3.0,Export,205,264.4
C1224,S5235,2024-09-01,8,2.0,Reports,895,357.8
C1224,S5235,2024-10-01,2,1.0,Export,1051,260.7
C1224,S5235,2024-11-01,6,4.0,Alerts,1801,231.5
C1224,S5235,2024-12-01,3,1.0,Alerts,1248,316.1
C1225,S5236,2023-08-01,20,10.0,Reports,426,202.0
C1225,S5236,2023-09-01,13,11.0,Export,430,8.9
C1225,S5236,2023-10-01,18,15.0,Integrations,1698,280.4
C1225,S5236,2023-11-01,8,6.0,Reports,611,264.4
C1225,S5236,2023-12-01,9,3.0,Alerts,1390,296.0
C1225,S5236,2024-01-01,10,4.0,Dashboard,7519,218.8
C1225,S5236,2024-02-01,10,8.0,Alerts,873,378.9
C1225,S5236,2024-03-01,14,10.0,Dashboard,302,179.5
C1225,S5236,2024-04-01,13,5.0,Integrations,557,220.5
C1225,S5236,2024-05-01,6,4.0,Dashboard,1173,286.4
C1225,S5236,2024-06-01,9,7.0,Alerts,209,125.9
C1225,S5236,2024-07-01,8,4.0,Export,1606,102.9
C1225,S5236,2024-08-01,11,6.0,Dashboard,167,102.4
C1225,S5236,2024-09-01,4,2.0,Alerts,117,175.7
C1225,S5236,2024-10-01,7,3.0,Integrations,36,120.5
C1225,S5237,2024-11-01,6,2.0,Dashboard,162,370.0
C1225,S5237,2024-12-01,5,4.0,Alerts,5921,276.5
C1226,S5238,2023-05-01,10,6.0,Export,4538,376.0
C1226,S5238,2023-06-01,9,4.0,Alerts,4672,184.6
C1226,S5238,2023-07-01,6,3.0,Export,745,265.5
C1226,S5238,2023-08-01,8,5.0,Dashboard,3055,209.4
C1226,S5238,2023-09-01,8,4.0,Export,2624,0.0
C1226,S5238,2023-10-01,0,0.0,Alerts,218,263.0
C1226,S5238,2023-11-01,7,2.0,Dashboard,295,359.6
C1226,S5238,2023-12-01,8,6.0,Export,140,160.1
C1226,S5238,2024-01-01,8,6.0,Export,9103,253.5
C1226,S5238,2024-02-01,7,3.0,Integrations,644,266.9
C1226,S5238,2024-03-01,6,3.0,API,530,218.5
C1226,S5238,2024-04-01,7,6.0,Reports,865,242.6
C1226,S5238,2024-05-01,8,3.0,Integrations,149,373.5
C1226,S5238,2024-06-01,13,9.0,Alerts,101,282.6
C1226,S5238,2024-07-01,14,11.0,Dashboard,334,213.7
C1226,S5238,2024-08-01,10,7.0,Alerts,721,302.9
C1226,S5238,2024-09-01,10,5.0,Dashboard,1621,166.6
C1226,S5238,2024-10-01,10,7.0,Reports,490,258.1
C1226,S5238,2024-11-01,3,1.0,API,163,151.3
C1226,S5238,2024-12-01,7,3.0,Alerts,820,99.1
C1227,S5239,2024-04-01,10,8.0,API,1520,165.7
C1227,S5239,2024-05-01,4,1.0,Reports,1719,242.4
C1227,S5239,2024-06-01,6,5.0,Alerts,713,112.2
C1227,S5239,2024-07-01,8,3.0,Integrations,756,39.8
C1227,S5239,2024-08-01,4,3.0,Reports,991,223.9
C1228,S5240,2023-12-01,3,1.0,Reports,403,173.5
C1228,S5240,2024-01-01,1,0.0,Dashboard,2337,322.2
C1228,S5240,2024-02-01,0,0.0,API,167,187.1
C1228,S5240,2024-03-01,2,0.0,Dashboard,126,251.3
C1228,S5240,2024-04-01,0,0.0,Export,269,210.1
C1228,S5240,2024-05-01,4,3.0,Export,239,136.9
C1228,S5240,2024-06-01,3,0.0,Dashboard,987,205.7
C1228,S5240,2024-07-01,0,0.0,Integrations,1193,171.0
C1228,S5240,2024-08-01,0,0.0,Reports,267,65.3
C1228,S5240,2024-09-01,1,0.0,Integrations,259,140.9
C1228,S5240,2024-10-01,2,1.0,Dashboard,147,33.8
C1229,S5241,2024-02-01,4,3.0,Reports,645,213.8
C1229,S5241,2024-03-01,4,1.0,Alerts,448,295.6
C1229,S5241,2024-04-01,5,3.0,Dashboard,278,288.5
C1229,S5241,2024-05-01,4,2.0,Integrations,5689,176.3
C1229,S5241,2024-06-01,12,8.0,API,442,323.6
C1229,S5241,2024-07-01,10,5.0,API,647,233.3
C1229,S5241,2024-08-01,10,6.0,Dashboard,4803,243.1
C1229,S5241,2024-09-01,9,6.0,Dashboard,1775,187.2
C1229,S5241,2024-10-01,7,4.0,Alerts,1668,281.9
C1229,S5241,2024-11-01,11,7.0,Reports,1868,189.0
C1229,S5241,2024-12-01,6,4.0,API,161,301.2
C1230,S5242,2023-07-01,6,4.0,Integrations,191,159.9
C1230,S5242,2023-08-01,7,4.0,Dashboard,1624,158.7
C1230,S5242,2023-09-01,7,5.0,Integrations,650,189.1
C1230,S5242,2023-10-01,6,1.0,Reports,3633,364.1
C1230,S5242,2023-11-01,8,2.0,Integrations,390,94.3
C1230,S5242,2023-12-01,8,2.0,Alerts,74,118.9
C1230,S5242,2024-01-01,5,3.0,Dashboard,451,82.2
C1230,S5242,2024-02-01,4,3.0,Reports,2362,248.5
C1230,S5242,2024-03-01,6,5.0,Reports,55,244.0
C1230,S5242,2024-04-01,5,2.0,Dashboard,2307,299.3
C1230,S5242,2024-05-01,3,1.0,Integrations,509,246.7
C1230,S5242,2024-06-01,3,2.0,API,383,210.3
C1230,S5242,2024-07-01,3,1.0,Reports,335,0.0
C1230,S5242,2024-08-01,3,2.0,Alerts,1485,103.3
C1230,S5242,2024-09-01,3,1.0,Integrations,18,129.5
C1230,S5242,2024-10-01,4,1.0,Export,372,110.8
C1230,S5242,2024-11-01,6,5.0,Export,517,142.5
C1231,S5244,2023-12-01,17,10.0,Alerts,76,318.5
C1231,S5244,2024-01-01,17,14.0,Export,593,323.3
C1231,S5244,2024-02-01,15,7.0,Dashboard,400,279.0
C1231,S5244,2024-03-01,13,5.0,Dashboard,239,174.3
C1231,S5244,2024-04-01,17,9.0,Integrations,3697,208.0
C1231,S5244,2024-05-01,14,5.0,API,639,187.8
C1231,S5244,2024-06-01,7,4.0,Alerts,141,244.8
C1231,S5244,2024-07-01,12,5.0,Dashboard,1149,232.8
C1231,S5244,2024-08-01,20,8.0,Alerts,720,335.3
C1231,S5244,2024-09-01,19,12.0,Integrations,1261,254.3
C1231,S5244,2024-10-01,18,8.0,Dashboard,464,172.4
C1231,S5244,2024-11-01,17,10.0,Dashboard,358,250.5
C1231,S5244,2024-12-01,14,7.0,API,1147,272.0
C1232,S5245,2024-10-01,15,9.0,Reports,740,318.5
C1232,S5245,2024-11-01,6,2.0,Dashboard,678,342.2
C1232,S5245,2024-12-01,15,10.0,Alerts,3501,419.4
C1233,S5246,2024-08-01,14,6.0,API,85,331.9
C1233,S5246,2024-09-01,12,7.0,Alerts,159,259.5
C1233,S5246,2024-10-01,16,5.0,API,420,122.7
C1233,S5246,2024-11-01,13,7.0,Reports,1406,302.1
C1233,S5246,2024-12-01,12,8.0,Export,1379,320.0
C1234,S5247,2023-05-01,21,14.0,Dashboard,1071,169.3
C1234,S5247,2023-06-01,27,22.0,API,1230,353.5
C1234,S5247,2023-07-01,23,14.0,Export,1336,312.4
C1234,S5247,2023-08-01,11,6.0,Reports,15,151.9
C1234,S5247,2023-09-01,21,18.0,API,296,327.8
C1234,S5247,2023-10-01,20,7.0,Export,306,237.3
C1234,S5247,2023-11-01,13,4.0,Alerts,589,126.6
C1234,S5247,2023-12-01,12,7.0,Integrations,4946,236.0
C1234,S5247,2024-01-01,22,9.0,API,893,301.4
C1234,S5247,2024-02-01,22,18.0,Reports,3578,317.1
C1234,S5247,2024-03-01,20,6.0,Reports,1283,272.2
C1234,S5247,2024-04-01,26,13.0,Alerts,62,275.6
C1234,S5247,2024-05-01,27,13.0,Alerts,3221,198.1
C1234,S5247,2024-06-01,31,22.0,Reports,3582,146.9
C1234,S5247,2024-07-01,22,16.0,Alerts,1749,299.5
C1234,S5247,2024-08-01,18,12.0,Export,794,231.0
C1234,S5247,2024-09-01,31,15.0,Export,657,332.1
C1234,S5247,2024-10-01,24,9.0,Dashboard,3604,395.2
C1234,S5247,2024-11-01,25,20.0,Integrations,487,241.5
C1234,S5247,2024-12-01,21,9.0,Integrations,2271,248.6
C1235,S5248,2024-06-01,3,2.0,API,87,108.7
C1235,S5248,2024-07-01,7,2.0,API,606,190.8
C1235,S5248,2024-08-01,3,2.0,Integrations,719,296.5
C1235,S5248,2024-09-01,3,1.0,Export,229,205.8
C1235,S5248,2024-10-01,2,0.0,Alerts,3933,380.2
C1235,S5248,2024-11-01,1,0.0,Integrations,175,215.5
C1235,S5248,2024-12-01,4,2.0,Integrations,404,262.1
C1236,S5249,2023-03-01,9,7.0,Integrations,364,366.4
C1236,S5249,2023-04-01,8,5.0,Reports,269,37.4
C1236,S5249,2023-05-01,6,5.0,Alerts,266,109.8
C1236,S5249,2023-06-01,5,2.0,Alerts,757,139.9
C1236,S5249,2023-07-01,5,2.0,Integrations,46,0.0
C1237,S5250,2024-07-01,18,13.0,Integrations,1758,109.5
C1237,S5250,2024-08-01,19,8.0,Alerts,249,285.0
C1237,S5250,2024-09-01,18,14.0,Alerts,127,270.1
C1237,S5250,2024-10-01,27,11.0,Reports,1112,262.2
C1237,S5250,2024-11-01,29,11.0,API,97,201.3
C1237,S5250,2024-12-01,36,12.0,Dashboard,1490,279.8
C1238,S5251,2023-05-01,11,3.0,Reports,32,367.8
C1238,S5251,2023-06-01,12,8.0,Integrations,1890,322.7
C1238,S5251,2023-07-01,9,8.0,Reports,424,220.6
C1238,S5251,2023-08-01,8,4.0,API,2649,210.3
C1238,S5251,2023-09-01,10,3.0,Reports,227,312.9
C1238,S5251,2023-10-01,9,7.0,Dashboard,217,32.3
C1238,S5251,2023-11-01,13,10.0,Alerts,1117,231.6
C1238,S5251,2023-12-01,10,4.0,Dashboard,686,177.0
C1238,S5251,2024-01-01,7,2.0,Alerts,612,258.0
C1238,S5251,2024-02-01,7,3.0,Dashboard,3017,63.6
C1238,S5251,2024-03-01,6,4.0,API,224,225.4
C1238,S5251,2024-04-01,2,1.0,Export,117,155.6
C1238,S5251,2024-05-01,5,3.0,Reports,532,288.5
C1238,S5251,2024-06-01,3,2.0,Export,270,60.0
C1238,S5251,2024-07-01,10,6.0,Integrations,1095,27.5
C1238,S5251,2024-08-01,3,0.0,API,262,202.5
C1238,S5251,2024-09-01,1,0.0,API,813,77.9
C1238,S5251,2024-10-01,6,4.0,API,182,142.8
C1238,S5251,2024-11-01,4,1.0,Export,473,28.5
C1238,S5251,2024-12-01,2,1.0,API,524,135.2
C1239,S5252,2023-05-01,16,4.0,Alerts,2396,319.0
C1239,S5252,2023-06-01,9,5.0,Dashboard,1149,151.3
C1239,S5252,2023-07-01,4,3.0,Reports,2,110.7
C1239,S5252,2023-08-01,10,4.0,Reports,60,172.3
C1241,S5254,2023-07-01,17,6.0,Dashboard,583,169.3
C1241,S5254,2023-08-01,15,9.0,Dashboard,1203,232.6
C1241,S5254,2023-09-01,21,10.0,Export,2587,273.2
C1241,S5254,2023-10-01,24,16.0,Dashboard,493,345.3
C1241,S5254,2023-11-01,16,11.0,Export,2733,270.6
C1241,S5254,2023-12-01,13,10.0,Integrations,2041,138.2
C1241,S5254,2024-01-01,10,7.0,Alerts,3093,64.6
C1241,S5254,2024-02-01,11,7.0,Export,700,91.5
C1241,S5254,2024-03-01,12,7.0,Export,656,223.6
C1241,S5254,2024-04-01,8,6.0,API,1358,215.9
C1241,S5254,2024-05-01,13,6.0,Alerts,731,265.6
C1241,S5254,2024-06-01,8,6.0,Alerts,1036,84.1
C1241,S5254,2024-07-01,8,6.0,Alerts,205,181.9
C1241,S5254,2024-08-01,9,3.0,Export,713,127.0
C1241,S5254,2024-09-01,5,1.0,Dashboard,228,124.3
C1241,S5254,2024-10-01,6,5.0,Integrations,530,0.0
C1241,S5254,2024-11-01,5,2.0,Integrations,141,69.3
C1242,S5255,2024-11-01,4,2.0,API,660,309.2
C1242,S5255,2024-12-01,3,1.0,Reports,2182,275.6
C1243,S5257,2023-12-01,12,3.0,Export,244,182.9
C1243,S5257,2024-01-01,23,16.0,Dashboard,175,317.9
C1243,S5257,2024-02-01,19,7.0,API,894,269.9
C1243,S5257,2024-03-01,15,9.0,Export,289,327.0
C1243,S5257,2024-04-01,19,15.0,Alerts,25,361.1
C1243,S5257,2024-05-01,22,13.0,Integrations,182,367.8
C1243,S5257,2024-06-01,17,11.0,Integrations,308,96.0
C1243,S5257,2024-07-01,21,12.0,Integrations,919,270.9
C1243,S5257,2024-08-01,24,14.0,Reports,1375,279.6
C1243,S5257,2024-09-01,14,8.0,Integrations,213,211.1
C1243,S5257,2024-10-01,24,20.0,Export,383,355.5
C1243,S5257,2024-11-01,13,8.0,API,287,233.1
C1243,S5257,2024-12-01,24,10.0,Dashboard,238,474.2
C1244,S5258,2024-11-01,6,3.0,Dashboard,982,219.3
C1244,S5258,2024-12-01,4,3.0,API,2191,163.5
C1245,S5259,2024-12-01,8,6.0,Export,515,135.0
C1246,S5260,2024-02-01,16,14.0,Export,2798,170.6
C1246,S5260,2024-03-01,17,15.0,Alerts,1064,244.5
C1246,S5260,2024-04-01,22,11.0,Alerts,165,201.4
C1246,S5260,2024-05-01,21,18.0,Dashboard,146,96.2
C1246,S5260,2024-06-01,13,10.0,API,1194,208.9
C1246,S5260,2024-07-01,18,11.0,Dashboard,965,241.7
C1246,S5260,2024-08-01,26,18.0,Export,675,284.7
C1246,S5260,2024-09-01,29,21.0,Dashboard,2723,381.2
C1246,S5260,2024-10-01,18,8.0,Integrations,2803,427.2
C1246,S5260,2024-11-01,15,11.0,Reports,1537,165.6
C1246,S5260,2024-12-01,17,13.0,Reports,105,228.9
C1247,S5261,2024-08-01,12,4.0,Integrations,403,232.3
C1247,S5261,2024-09-01,4,2.0,Alerts,2505,351.8
C1247,S5261,2024-10-01,16,12.0,API,1225,318.9
C1247,S5261,2024-11-01,6,4.0,Integrations,660,276.5
C1247,S5261,2024-12-01,14,10.0,Alerts,1682,427.3
C1248,S5262,2024-04-01,15,8.0,Export,8,211.3
C1248,S5262,2024-05-01,11,5.0,Integrations,290,191.4
C1248,S5262,2024-06-01,13,11.0,API,663,308.0
C1248,S5262,2024-07-01,6,3.0,Export,194,273.3
C1248,S5262,2024-08-01,20,15.0,Dashboard,1208,49.2
C1248,S5262,2024-09-01,19,14.0,Reports,79,240.0
C1248,S5262,2024-10-01,9,7.0,Export,1483,243.5
C1248,S5262,2024-11-01,12,8.0,API,312,247.5
C1248,S5262,2024-12-01,13,7.0,Integrations,514,289.0
C1249,S5263,2023-04-01,10,4.0,Alerts,3829,167.5
C1249,S5263,2023-05-01,9,6.0,API,682,220.7
C1249,S5263,2023-06-01,21,10.0,Dashboard,156,263.5
C1249,S5263,2023-07-01,11,7.0,Integrations,116,332.0
C1249,S5263,2023-08-01,13,7.0,Export,3347,400.6
C1249,S5263,2023-09-01,9,2.0,Integrations,1850,193.1
C1249,S5263,2023-10-01,17,6.0,Integrations,835,167.5
C1249,S5263,2023-11-01,18,12.0,Dashboard,596,456.8
C1249,S5263,2023-12-01,12,9.0,Export,615,126.3
C1249,S5263,2024-01-01,23,7.0,Integrations,866,264.5
C1249,S5263,2024-02-01,12,9.0,Export,2450,371.3
C1249,S5263,2024-03-01,17,8.0,Alerts,1032,160.1
C1249,S5263,2024-04-01,15,6.0,Reports,1195,275.9
C1249,S5263,2024-05-01,6,2.0,Alerts,4184,299.8
C1249,S5263,2024-06-01,15,9.0,Reports,85,125.5
C1249,S5263,2024-07-01,13,6.0,Reports,930,198.9
C1249,S5263,2024-08-01,15,9.0,Integrations,790,383.0
C1249,S5263,2024-09-01,11,8.0,API,2424,234.1
C1249,S5263,2024-10-01,14,11.0,Reports,393,78.2
C1249,S5263,2024-11-01,13,6.0,Export,810,289.5
C1249,S5263,2024-12-01,13,4.0,API,1220,265.2
C1250,S5264,2024-01-01,9,3.0,Integrations,5,100.2
C1250,S5264,2024-02-01,11,6.0,Dashboard,4289,226.5
C1250,S5264,2024-03-01,18,6.0,Reports,737,284.8
C1250,S5264,2024-04-01,9,3.0,Alerts,404,414.5
C1250,S5264,2024-05-01,12,7.0,Reports,818,153.7
C1250,S5264,2024-06-01,16,9.0,Export,670,358.6
C1250,S5264,2024-07-01,13,5.0,Alerts,553,351.9
C1250,S5264,2024-08-01,12,7.0,Dashboard,644,319.0
C1250,S5264,2024-09-01,11,4.0,Reports,3024,156.3
C1250,S5264,2024-10-01,16,6.0,Dashboard,1952,181.9
C1250,S5264,2024-11-01,10,8.0,Dashboard,1962,249.4
C1250,S5264,2024-12-01,12,10.0,Export,64,247.4
C1251,S5265,2023-03-01,5,2.0,Export,5140,150.1
C1251,S5265,2023-04-01,3,2.0,Dashboard,1578,248.0
C1251,S5265,2023-05-01,3,1.0,Dashboard,1443,172.4
C1251,S5265,2023-06-01,11,4.0,API,51,130.6
C1251,S5265,2023-07-01,7,5.0,Dashboard,368,222.1
C1251,S5265,2023-08-01,7,5.0,Reports,366,315.7
C1251,S5265,2023-09-01,8,5.0,Alerts,1129,216.3
C1251,S5265,2023-10-01,9,7.0,Dashboard,583,45.2
C1251,S5265,2023-11-01,6,2.0,API,262,266.0
C1251,S5265,2023-12-01,6,4.0,Integrations,1001,360.2
C1251,S5265,2024-01-01,12,10.0,Export,638,172.1
C1251,S5265,2024-02-01,4,2.0,Reports,126,321.9
C1251,S5265,2024-03-01,14,7.0,Reports,113,197.5
C1251,S5265,2024-04-01,10,6.0,Reports,755,267.3
C1251,S5265,2024-05-01,9,6.0,API,805,133.3
C1251,S5265,2024-06-01,9,4.0,Alerts,1251,353.6
C1251,S5265,2024-07-01,12,3.0,Alerts,757,276.7
C1251,S5265,2024-08-01,8,6.0,Dashboard,1805,304.9
C1251,S5265,2024-09-01,5,3.0,Export,260,395.6
C1251,S5265,2024-10-01,8,5.0,API,1718,357.3
C1251,S5265,2024-11-01,9,7.0,Reports,402,262.5
C1251,S5265,2024-12-01,8,6.0,API,545,306.0
C1252,S5266,2023-07-01,11,3.0,Export,1226,249.4
C1252,S5266,2023-08-01,16,4.0,Reports,209,256.3
C1252,S5266,2023-09-01,7,2.0,Integrations,1419,191.0
C1252,S5266,2023-10-01,7,3.0,Reports,2175,187.9
C1252,S5266,2023-11-01,10,6.0,Dashboard,1497,163.6
C1252,S5266,2023-12-01,4,2.0,API,121,135.1
C1252,S5266,2024-01-01,4,1.0,Dashboard,1792,121.5
C1252,S5266,2024-02-01,6,3.0,Alerts,14,213.3
C1252,S5266,2024-03-01,7,4.0,Reports,416,145.8
C1252,S5266,2024-04-01,12,9.0,Reports,178,138.7
C1252,S5266,2024-05-01,8,3.0,API,346,257.1
C1252,S5266,2024-06-01,4,5.0,Export,528,167.3
C1252,S5266,2024-07-01,5,3.0,Alerts,404,169.4
C1252,S5266,2024-08-01,6,3.0,Integrations,317,0.0
C1252,S5266,2024-09-01,2,1.0,Export,325,0.0
C1252,S5266,2024-10-01,8,3.0,Export,325,144.4
C1252,S5266,2024-11-01,4,1.0,Integrations,300,30.3
C1252,S5266,2024-12-01,4,2.0,Export,186,0.0
C1253,S5267,2024-06-01,8,2.0,Alerts,1016,128.5
C1253,S5267,2024-07-01,4,2.0,Alerts,1112,179.3
C1253,S5267,2024-08-01,7,5.0,Export,336,337.9
C1253,S5267,2024-09-01,7,4.0,API,1223,58.8
C1253,S5267,2024-10-01,5,3.0,Integrations,276,110.8
C1253,S5267,2024-11-01,7,4.0,Integrations,88,22.4
C1253,S5267,2024-12-01,4,1.0,API,1092,218.0
C1254,S5269,2023-04-01,4,2.0,Alerts,1381,238.8
C1254,S5269,2023-05-01,8,3.0,Alerts,6415,238.9
C1254,S5269,2023-06-01,12,10.0,Dashboard,360,211.5
C1254,S5269,2023-07-01,9,4.0,Reports,2555,287.1
C1254,S5269,2023-08-01,12,7.0,Alerts,790,248.5
C1254,S5269,2023-09-01,8,3.0,Export,156,239.4
C1254,S5269,2023-10-01,5,4.0,Integrations,141,101.0
C1254,S5269,2023-11-01,12,9.0,Integrations,1735,259.8
C1254,S5269,2023-12-01,7,4.0,Reports,730,277.1
C1254,S5269,2024-01-01,7,6.0,Alerts,767,189.8
C1254,S5269,2024-02-01,11,8.0,Integrations,342,240.7
C1254,S5269,2024-03-01,3,1.0,Dashboard,815,259.5
C1254,S5269,2024-04-01,7,2.0,Export,374,362.5
C1254,S5269,2024-05-01,9,6.0,Alerts,143,151.6
C1254,S5269,2024-06-01,6,3.0,Reports,1006,63.2
C1254,S5269,2024-07-01,5,1.0,API,1552,225.6
C1254,S5269,2024-08-01,2,1.0,Reports,1369,258.0
C1254,S5269,2024-09-01,10,5.0,Integrations,360,227.1
C1254,S5269,2024-10-01,11,3.0,Alerts,3434,290.5
C1254,S5269,2024-11-01,10,4.0,Dashboard,343,199.6
C1254,S5269,2024-12-01,6,3.0,Integrations,713,231.6
C1255,S5270,2024-10-01,2,0.0,Alerts,238,254.0
C1255,S5270,2024-11-01,0,0.0,Alerts,1299,108.4
C1255,S5270,2024-12-01,1,0.0,Reports,279,174.5
C1256,S5271,2024-03-01,9,3.0,Alerts,729,254.8
C1256,S5271,2024-04-01,19,10.0,Dashboard,2871,282.0
C1256,S5271,2024-05-01,8,4.0,Dashboard,999,193.7
C1256,S5271,2024-06-01,12,7.0,Integrations,1931,298.0
C1256,S5271,2024-07-01,13,8.0,Export,2672,260.8
C1256,S5271,2024-08-01,8,2.0,Integrations,86,257.8
C1256,S5271,2024-09-01,6,3.0,Integrations,619,164.0
C1256,S5271,2024-10-01,8,3.0,Integrations,1639,318.5
C1256,S5271,2024-11-01,9,6.0,Export,676,347.9
C1256,S5271,2024-12-01,10,7.0,Reports,95,298.1
C1257,S5272,2023-11-01,11,8.0,API,771,36.4
C1257,S5272,2023-12-01,9,2.0,Integrations,665,209.2
C1257,S5272,2024-01-01,4,1.0,API,393,255.8
C1257,S5272,2024-02-01,6,1.0,Reports,314,17.7
C1258,S5273,2024-02-01,4,1.0,Reports,1080,225.2
C1258,S5273,2024-03-01,2,0.0,API,2281,306.0
C1258,S5273,2024-04-01,4,2.0,Reports,138,198.3
C1258,S5273,2024-05-01,1,0.0,API,1570,0.0
C1258,S5273,2024-06-01,1,0.0,Dashboard,577,14.2
C1259,S5274,2024-10-01,26,22.0,Reports,418,179.2
C1259,S5274,2024-11-01,15,7.0,Dashboard,581,306.5
C1259,S5274,2024-12-01,24,17.0,Reports,1355,360.1
C1260,S5275,2023-06-01,9,5.0,Alerts,1968,329.2
C1260,S5275,2023-07-01,11,6.0,API,449,169.3
C1260,S5275,2023-08-01,8,5.0,API,132,268.6
C1260,S5275,2023-09-01,9,4.0,Export,895,288.0
C1260,S5275,2023-10-01,10,6.0,API,3711,211.9
C1260,S5275,2023-11-01,9,7.0,Integrations,4899,243.6
C1260,S5275,2023-12-01,9,3.0,Alerts,594,259.6
C1260,S5275,2024-01-01,9,4.0,Export,2522,171.8
C1260,S5275,2024-02-01,6,2.0,Export,3672,281.6
C1260,S5275,2024-03-01,7,2.0,Reports,232,273.8
C1260,S5275,2024-04-01,13,5.0,Dashboard,232,303.7
C1260,S5275,2024-05-01,10,5.0,Export,1249,435.6
C1260,S5275,2024-06-01,6,4.0,Reports,259,237.3
C1260,S5275,2024-07-01,11,5.0,Alerts,538,176.0
C1260,S5275,2024-08-01,14,6.0,Dashboard,2009,203.1
C1260,S5275,2024-09-01,14,11.0,Integrations,886,276.6
C1260,S5275,2024-10-01,17,10.0,Dashboard,1680,322.2
C1260,S5275,2024-11-01,15,8.0,Reports,278,339.8
C1260,S5275,2024-12-01,4,3.0,Dashboard,1080,256.5
C1261,S5276,2024-03-01,19,15.0,Dashboard,4187,210.5
C1261,S5276,2024-04-01,18,6.0,Export,2115,109.4
C1261,S5276,2024-05-01,13,5.0,Reports,953,0.0
C1261,S5276,2024-06-01,7,5.0,Integrations,936,25.3
C1262,S5277,2024-04-01,10,6.0,Export,537,192.6
C1262,S5277,2024-05-01,11,5.0,Dashboard,459,235.9
C1262,S5277,2024-06-01,16,9.0,Reports,806,121.9
C1262,S5277,2024-07-01,25,20.0,Dashboard,141,309.6
C1262,S5277,2024-08-01,21,18.0,Integrations,892,294.3
C1262,S5277,2024-09-01,15,4.0,Reports,123,305.6
C1262,S5277,2024-10-01,25,9.0,Alerts,2199,297.2
C1262,S5277,2024-11-01,9,4.0,Reports,1307,181.0
C1262,S5277,2024-12-01,13,11.0,Integrations,138,234.35
C1264,S5279,2024-07-01,19,12.0,Export,1238,111.4
C1264,S5279,2024-08-01,17,13.0,Dashboard,543,338.5
C1264,S5279,2024-09-01,27,9.0,Export,728,234.7
C1264,S5279,2024-10-01,11,3.0,API,3156,216.9
C1264,S5279,2024-11-01,21,10.0,API,0,384.3
C1264,S5279,2024-12-01,25,11.0,Reports,272,209.2
C1265,S5280,2023-10-01,4,2.0,Dashboard,62,195.0
C1265,S5280,2023-11-01,3,1.0,API,429,159.9
C1265,S5280,2023-12-01,6,5.0,Alerts,703,60.2
C1265,S5280,2024-01-01,2,1.0,API,1609,181.3
C1265,S5280,2024-02-01,9,7.0,API,1484,264.1
C1265,S5280,2024-03-01,4,2.0,Reports,97,301.2
C1265,S5280,2024-04-01,2,0.0,Export,434,410.0
C1265,S5280,2024-05-01,4,2.0,Export,530,295.3
C1265,S5280,2024-06-01,3,1.0,Reports,396,209.2
C1265,S5280,2024-07-01,2,1.0,API,1991,366.5
C1265,S5280,2024-08-01,5,2.0,Export,589,299.8
C1265,S5280,2024-09-01,4,1.0,Export,792,90.2
C1265,S5280,2024-10-01,3,2.0,Integrations,2026,264.6
C1265,S5280,2024-11-01,5,3.0,Reports,156,247.9
C1265,S5280,2024-12-01,7,4.0,Alerts,1209,360.6
C1266,S5281,2023-07-01,24,19.0,Export,2023,285.9
C1266,S5281,2023-08-01,17,6.0,Dashboard,802,299.1
C1266,S5281,2023-09-01,26,16.0,Dashboard,971,308.6
C1266,S5281,2023-10-01,16,12.0,Integrations,1480,229.8
C1266,S5281,2023-11-01,24,9.0,Dashboard,1063,339.4
C1266,S5281,2023-12-01,13,5.0,Export,1798,346.3
C1266,S5281,2024-01-01,13,8.0,Export,749,264.2
C1266,S5281,2024-02-01,18,11.0,Export,1296,201.9
C1266,S5281,2024-03-01,18,6.0,Alerts,298,277.9
C1266,S5281,2024-04-01,17,6.0,Integrations,629,359.7
C1266,S5281,2024-05-01,9,6.0,API,519,317.8
C1266,S5281,2024-06-01,19,11.0,Alerts,55,72.0
C1266,S5281,2024-07-01,14,8.0,API,2393,200.6
C1266,S5281,2024-08-01,22,14.0,API,749,301.2
C1266,S5281,2024-09-01,14,11.0,Reports,828,202.2
C1266,S5281,2024-10-01,21,6.0,Alerts,1122,250.5
C1266,S5281,2024-11-01,17,14.0,Integrations,2259,338.7
C1266,S5281,2024-12-01,13,8.0,Alerts,1403,97.5
C1267,S5282,2023-11-01,14,6.0,Integrations,997,236.7
C1267,S5282,2023-12-01,10,8.0,Reports,374,7.7
C1267,S5282,2024-01-01,6,3.0,API,247,72.2
C1267,S5282,2024-02-01,4,3.0,Export,652,134.7
C1267,S5282,2024-03-01,4,2.0,Integrations,102,136.9
C1267,S5282,2024-04-01,1,0.0,API,1276,0.8
C1268,S5283,2023-08-01,11,6.0,Reports,870,223.3
C1268,S5283,2023-09-01,12,6.0,Integrations,2602,188.0
C1268,S5283,2023-10-01,19,10.0,API,202,125.3
C1268,S5283,2023-11-01,12,10.0,Reports,348,181.6
C1268,S5283,2023-12-01,18,14.0,Dashboard,36,152.2
C1268,S5283,2024-01-01,17,8.0,Export,267,330.9
C1268,S5283,2024-02-01,9,7.0,Reports,2030,396.0
C1268,S5283,2024-03-01,13,6.0,Dashboard,2113,425.6
C1268,S5283,2024-04-01,16,12.0,API,25,459.5
C1268,S5283,2024-05-01,15,9.0,Reports,835,396.7
C1268,S5283,2024-06-01,17,10.0,Export,515,399.3
C1268,S5283,2024-07-01,17,7.0,API,748,286.8
C1268,S5283,2024-08-01,12,9.0,Dashboard,668,459.6
C1268,S5283,2024-09-01,20,11.0,Integrations,1051,320.3
C1268,S5283,2024-10-01,9,2.0,API,465,256.7
C1268,S5283,2024-11-01,11,6.0,Export,91,264.9
C1268,S5283,2024-12-01,20,12.0,API,2753,145.4
C1269,S5284,2024-01-01,14,8.0,Export,355,306.9
C1269,S5284,2024-02-01,9,6.0,Integrations,76,239.8
C1269,S5284,2024-03-01,13,4.0,Integrations,2285,305.9
C1269,S5284,2024-04-01,11,7.0,Export,835,310.3
C1269,S5284,2024-05-01,5,3.0,Export,377,106.1
C1269,S5284,2024-06-01,4,2.0,Alerts,16,218.0
C1269,S5284,2024-07-01,5,3.0,Dashboard,1758,197.1
C1269,S5284,2024-08-01,3,1.0,Dashboard,561,249.1
C1269,S5284,2024-09-01,7,4.0,Export,26,208.9
C1269,S5284,2024-10-01,5,3.0,Reports,535,18.8
C1269,S5284,2024-11-01,4,2.0,Export,200,101.5
C1269,S5284,2024-12-01,4,1.0,Dashboard,1218,48.5
C1270,S5285,2024-06-01,18,14.0,API,1443,253.6
C1270,S5285,2024-07-01,16,6.0,Dashboard,747,340.1
C1270,S5285,2024-08-01,20,13.0,Dashboard,1402,102.8
C1270,S5285,2024-09-01,14,9.0,Export,1370,256.4
C1270,S5285,2024-10-01,15,4.0,Alerts,960,288.5
C1270,S5285,2024-11-01,15,11.0,Reports,790,181.4
C1270,S5285,2024-12-01,16,12.0,Alerts,349,348.8
C1271,S5286,2024-12-01,18,14.0,Alerts,5502,424.2
C1272,S5287,2024-04-01,4,2.0,Reports,366,354.1
C1272,S5287,2024-05-01,3,1.0,API,1379,326.9
C1272,S5287,2024-06-01,5,2.0,API,2376,290.9
C1272,S5287,2024-07-01,5,1.0,Integrations,93,285.2
C1272,S5287,2024-08-01,2,1.0,Export,1896,231.4
C1272,S5287,2024-09-01,6,4.0,Integrations,41,393.8
C1272,S5287,2024-10-01,2,1.0,API,221,139.6
C1272,S5287,2024-11-01,5,2.0,API,3182,282.3
C1272,S5287,2024-12-01,6,1.0,Reports,1348,219.3
C1273,S5288,2023-03-01,5,1.0,API,1328,267.4
C1273,S5288,2023-04-01,7,4.0,Integrations,1649,224.9
C1273,S5288,2023-05-01,3,1.0,Export,838,213.0
C1273,S5288,2023-06-01,8,2.0,API,140,193.8
C1273,S5288,2023-07-01,10,5.0,API,2806,318.6
C1273,S5288,2023-08-01,13,7.0,Reports,597,170.0
C1273,S5288,2023-09-01,12,7.0,Export,4360,290.0
C1273,S5288,2023-10-01,11,3.0,Export,837,234.7
C1273,S5288,2023-11-01,5,2.0,Alerts,277,117.3
C1273,S5288,2023-12-01,7,4.0,Reports,248,342.2
C1273,S5288,2024-01-01,7,3.0,Integrations,583,312.1
C1273,S5288,2024-02-01,8,2.0,Export,494,263.6
C1273,S5288,2024-03-01,11,6.0,Integrations,2370,260.0
C1273,S5288,2024-04-01,7,5.0,API,1876,237.4
C1273,S5288,2024-05-01,9,6.0,API,570,260.1
C1273,S5288,2024-06-01,9,3.0,Export,2336,260.1
C1273,S5288,2024-07-01,4,3.0,API,503,178.4
C1273,S5288,2024-08-01,6,2.0,Alerts,648,320.7
C1273,S5288,2024-09-01,10,6.0,Reports,40,377.2
C1273,S5288,2024-10-01,8,3.0,Dashboard,4688,308.5
C1273,S5288,2024-11-01,5,3.0,Alerts,6432,290.0
C1273,S5288,2024-12-01,10,5.0,Alerts,95,188.7
C1274,S5289,2024-10-01,12,4.0,API,864,351.1
C1274,S5289,2024-11-01,14,4.0,Export,224,217.3
C1274,S5289,2024-12-01,5,1.0,API,92,70.0
C1275,S5290,2023-09-01,20,13.0,Integrations,2530,79.7
C1275,S5290,2023-10-01,19,15.0,Integrations,1506,233.8
C1275,S5290,2023-11-01,10,3.0,Alerts,114,256.8
C1275,S5290,2023-12-01,10,6.0,API,274,326.1
C1275,S5290,2024-01-01,16,12.0,Export,2084,342.3
C1275,S5290,2024-02-01,9,5.0,Export,1460,176.0
C1275,S5290,2024-03-01,14,12.0,Reports,263,100.1
C1275,S5290,2024-04-01,7,6.0,Export,416,138.9
C1275,S5290,2024-05-01,6,5.0,Export,530,177.3
C1275,S5290,2024-06-01,5,2.0,Export,500,140.0
C1275,S5290,2024-07-01,9,4.0,Integrations,1017,233.2
C1275,S5290,2024-08-01,10,6.0,Export,252,197.7
C1275,S5290,2024-09-01,4,2.0,Reports,97,73.5
C1276,S5291,2024-06-01,16,8.0,Integrations,251,192.7
C1276,S5291,2024-07-01,14,8.0,Alerts,1796,197.3
C1276,S5291,2024-08-01,12,8.0,Integrations,1081,209.6
C1276,S5291,2024-09-01,5,2.0,API,1020,262.4
C1276,S5291,2024-10-01,8,5.0,Integrations,129,118.6
C1277,S5292,2023-01-01,10,5.0,Integrations,114,361.3
C1277,S5292,2023-02-01,5,2.0,Integrations,617,286.6
C1277,S5292,2023-03-01,6,4.0,Alerts,54,140.1
C1277,S5292,2023-04-01,3,2.0,API,760,196.5
C1277,S5292,2023-05-01,2,1.0,Alerts,236,191.9
C1277,S5292,2023-06-01,9,5.0,Alerts,83,264.1
C1277,S5292,2023-07-01,5,2.0,Alerts,3418,200.9
C1277,S5292,2023-08-01,7,4.0,API,39,239.5
C1277,S5292,2023-09-01,5,4.0,Alerts,1398,200.0
C1277,S5292,2023-10-01,2,0.0,Export,2596,76.3
C1277,S5292,2023-11-01,9,5.0,Integrations,683,158.9
C1277,S5292,2023-12-01,7,2.0,Dashboard,727,184.5
C1277,S5292,2024-01-01,5,3.0,Integrations,180,132.9
C1277,S5292,2024-02-01,4,1.0,Dashboard,189,101.7
C1277,S5292,2024-03-01,3,0.0,Alerts,704,116.0
C1277,S5292,2024-04-01,1,0.0,Alerts,988,161.1
C1277,S5292,2024-05-01,1,0.0,Reports,585,148.1
C1277,S5292,2024-06-01,2,0.0,Integrations,2154,184.7
C1277,S5292,2024-07-01,3,1.0,Integrations,994,0.0
C1278,S5293,2024-02-01,9,6.0,Dashboard,133,156.1
C1278,S5293,2024-03-01,6,2.0,Dashboard,2111,243.2
C1278,S5293,2024-04-01,1,0.0,API,403,345.6
C1278,S5293,2024-05-01,2,1.0,Integrations,765,358.4
C1278,S5293,2024-06-01,1,0.0,API,942,105.6
C1278,S5293,2024-07-01,2,0.0,Alerts,41,133.9
C1278,S5293,2024-08-01,4,5.0,Dashboard,941,119.1
C1278,S5293,2024-09-01,0,0.0,API,1106,166.8
C1278,S5293,2024-10-01,2,1.0,Export,221,48.5
C1278,S5293,2024-11-01,2,1.0,Integrations,97,39.0
C1278,S5293,2024-12-01,1,0.0,API,249,196.8
C1279,S5294,2024-06-01,8,6.0,Alerts,1134,177.3
C1279,S5294,2024-07-01,8,2.0,Reports,890,236.2
C1279,S5294,2024-08-01,1,0.0,Reports,72,242.0
C1279,S5294,2024-09-01,4,1.0,Reports,473,101.4
C1279,S5294,2024-10-01,5,2.0,Export,307,193.7
C1279,S5294,2024-11-01,2,1.0,Alerts,480,149.3
C1279,S5294,2024-12-01,1,0.0,Alerts,89,72.7
C1280,S5295,2024-04-01,18,8.0,API,798,170.6
C1280,S5295,2024-05-01,6,3.0,Dashboard,198,174.1
C1280,S5295,2024-06-01,25,9.0,Integrations,1250,243.5
C1280,S5295,2024-07-01,20,13.0,API,2710,393.0
C1280,S5295,2024-08-01,24,8.0,Alerts,805,199.2
C1280,S5295,2024-09-01,18,13.0,API,2724,202.3
C1280,S5295,2024-10-01,17,9.0,Export,213,319.2
C1280,S5295,2024-11-01,14,9.0,Reports,1153,122.4
C1280,S5295,2024-12-01,18,12.0,Reports,1727,176.8
C1281,S5296,2024-05-01,3,1.0,Reports,291,444.5
C1281,S5296,2024-06-01,2,0.0,Dashboard,3933,162.7
C1281,S5296,2024-07-01,2,1.0,API,440,209.8
C1281,S5296,2024-08-01,4,1.0,API,522,0.0
C1281,S5296,2024-09-01,2,0.0,Alerts,190,46.1
C1281,S5296,2024-10-01,1,0.0,Reports,534,155.0
C1281,S5296,2024-11-01,1,0.0,Reports,384,186.1
C1281,S5296,2024-12-01,2,1.0,API,48,180.4
C1282,S5297,2024-12-01,11,7.0,Alerts,333,297.4
C1283,S5298,2023-04-01,7,5.0,Reports,620,225.4
C1283,S5298,2023-05-01,5,3.0,Alerts,1111,306.1
C1283,S5298,2023-06-01,2,0.0,Alerts,58,303.3
C1283,S5298,2023-07-01,4,2.0,Export,3644,329.6
C1283,S5298,2023-08-01,6,2.0,Integrations,1461,103.4
C1283,S5298,2023-09-01,2,0.0,Export,1004,0.0
C1283,S5298,2023-10-01,5,3.0,Dashboard,103,276.8
C1283,S5298,2023-11-01,5,2.0,Dashboard,1812,347.9
C1283,S5298,2023-12-01,3,2.0,Dashboard,636,239.2
C1283,S5298,2024-01-01,1,0.0,Dashboard,50,154.4
C1283,S5298,2024-02-01,8,7.0,Export,303,138.5
C1283,S5298,2024-03-01,4,1.0,Dashboard,496,237.2
C1283,S5298,2024-04-01,5,1.0,API,2560,329.4
C1283,S5298,2024-05-01,10,3.0,Alerts,6139,318.0
C1283,S5298,2024-06-01,4,2.0,API,192,219.9
C1283,S5298,2024-07-01,3,1.0,Export,5140,174.9
C1283,S5298,2024-08-01,6,3.0,Alerts,2948,263.2
C1283,S5298,2024-09-01,7,2.0,Export,299,317.9
C1283,S5298,2024-10-01,8,3.0,Integrations,1760,210.1
C1283,S5298,2024-11-01,8,4.0,Reports,512,439.4
C1283,S5298,2024-12-01,6,2.0,Dashboard,2353,251.0
C1284,S5299,2024-12-01,23,16.0,Dashboard,567,301.8
C1285,S5300,2023-05-01,4,2.0,Reports,753,265.9
C1285,S5300,2023-06-01,1,0.0,Alerts,3053,259.7
C1285,S5300,2023-07-01,2,0.0,Reports,5498,290.9
C1285,S5300,2023-08-01,1,0.0,API,3180,231.9
C1285,S5300,2023-09-01,1,0.0,Dashboard,77,301.9
C1285,S5300,2023-10-01,1,0.0,API,4295,170.5
C1285,S5300,2023-11-01,5,1.0,Export,556,276.8
C1285,S5300,2023-12-01,3,1.0,Integrations,815,95.5
C1285,S5300,2024-01-01,0,0.0,Dashboard,835,284.3
C1285,S5300,2024-02-01,2,1.0,Alerts,2791,196.3
C1285,S5300,2024-03-01,1,0.0,Dashboard,331,100.5
C1285,S5300,2024-04-01,5,2.0,Dashboard,1110,116.7
C1285,S5300,2024-05-01,2,0.0,Alerts,726,374.3
C1285,S5300,2024-06-01,3,1.0,Integrations,717,448.8
C1285,S5300,2024-07-01,2,1.0,API,360,260.1
C1285,S5300,2024-08-01,0,0.0,Alerts,30,453.3
C1285,S5300,2024-09-01,2,0.0,Dashboard,84,247.1
C1285,S5300,2024-10-01,4,2.0,Alerts,31,313.4
C1285,S5300,2024-11-01,3,1.0,API,350,265.9
C1285,S5300,2024-12-01,2,1.0,Alerts,124,313.9
C1286,S5301,2023-10-01,12,9.0,Dashboard,1387,430.3
C1286,S5301,2023-11-01,4,3.0,Dashboard,140,112.1
C1286,S5301,2023-12-01,9,7.0,Integrations,780,293.1
C1286,S5301,2024-01-01,10,6.0,Integrations,322,297.2
C1286,S5301,2024-02-01,3,1.0,Integrations,97,306.1
C1286,S5301,2024-03-01,9,5.0,Dashboard,584,305.8
C1286,S5301,2024-04-01,6,3.0,Dashboard,5443,301.8
C1286,S5301,2024-05-01,8,5.0,Integrations,1114,337.5
C1286,S5301,2024-06-01,9,5.0,Dashboard,1713,277.1
C1286,S5301,2024-07-01,7,3.0,Integrations,233,283.7
C1286,S5301,2024-08-01,8,4.0,API,6,248.5
C1286,S5301,2024-09-01,4,3.0,Export,1433,434.5
C1286,S5301,2024-10-01,6,3.0,Integrations,270,265.1
C1286,S5301,2024-11-01,7,4.0,Dashboard,1362,258.2
C1286,S5301,2024-12-01,6,3.0,Alerts,824,320.4
C1287,S5302,2023-09-01,1,0.0,Alerts,202,353.9
C1287,S5302,2023-10-01,2,0.0,API,968,114.2
C1287,S5302,2023-11-01,3,1.0,Export,277,174.7
C1287,S5302,2023-12-01,4,2.0,Dashboard,2,232.9
C1287,S5302,2024-01-01,2,0.0,Alerts,739,90.5
C1287,S5302,2024-02-01,2,1.0,Export,37,114.6
C1287,S5302,2024-03-01,2,0.0,Integrations,30,91.0
C1287,S5302,2024-04-01,2,0.0,Integrations,35,283.8
C1287,S5302,2024-05-01,5,1.0,Integrations,1655,251.2
C1287,S5302,2024-06-01,3,2.0,API,2739,134.1
C1287,S5302,2024-07-01,1,0.0,Export,983,177.1
C1287,S5302,2024-08-01,2,1.0,Integrations,718,94.0
C1287,S5302,2024-09-01,3,1.0,Reports,214,0.0
C1287,S5302,2024-10-01,1,0.0,Alerts,678,52.6
C1287,S5302,2024-11-01,2,0.0,Dashboard,27,20.6
C1288,S5303,2024-09-01,11,6.0,Reports,3072,191.1
C1288,S5303,2024-10-01,15,8.0,Export,177,376.0
C1288,S5303,2024-11-01,13,4.0,Export,674,367.2
C1288,S5303,2024-12-01,26,19.0,Dashboard,380,307.6
C1289,S5304,2023-02-01,4,2.0,Reports,608,374.9
C1289,S5304,2023-03-01,6,3.0,Alerts,101,216.3
C1289,S5304,2023-04-01,5,4.0,Alerts,1274,357.0
C1289,S5304,2023-05-01,2,0.0,Alerts,110,171.9
C1289,S5304,2023-06-01,0,0.0,Reports,2127,220.2
C1289,S5304,2023-07-01,9,5.0,Reports,86,266.6
C1289,S5304,2023-08-01,1,0.0,Integrations,310,281.6
C1289,S5304,2023-09-01,5,4.0,Alerts,669,242.7
C1289,S5304,2023-10-01,5,3.0,Export,388,375.9
C1289,S5304,2023-11-01,6,4.0,Export,900,191.8
C1289,S5304,2023-12-01,3,2.0,Dashboard,1188,164.6
C1289,S5304,2024-01-01,1,0.0,Alerts,1489,316.6
C1289,S5304,2024-02-01,3,2.0,Dashboard,604,187.8
C1289,S5304,2024-03-01,4,1.0,Reports,1043,308.9
C1289,S5304,2024-04-01,3,1.0,Dashboard,214,335.1
C1289,S5304,2024-05-01,5,3.0,Export,104,224.9
C1289,S5304,2024-06-01,7,3.0,Export,1675,204.4
C1289,S5304,2024-07-01,1,0.0,Integrations,187,219.8
C1289,S5304,2024-08-01,7,4.0,Dashboard,2985,175.4
C1289,S5304,2024-09-01,4,1.0,Reports,208,324.0
C1289,S5304,2024-10-01,6,4.0,API,124,320.3
C1289,S5304,2024-11-01,5,3.0,Alerts,1374,209.2
C1289,S5304,2024-12-01,7,4.0,Alerts,358,188.5
C1290,S5305,2023-05-01,21,11.0,Reports,1249,203.9
C1290,S5305,2023-06-01,21,11.0,Integrations,1211,371.5
C1290,S5305,2023-07-01,15,7.0,Integrations,54,313.7
C1290,S5305,2023-08-01,18,14.0,API,106,360.1
C1290,S5305,2023-09-01,21,14.0,Alerts,512,156.6
C1290,S5305,2023-10-01,16,14.0,API,1385,319.5
C1290,S5305,2023-11-01,14,9.0,Alerts,543,354.9
C1290,S5305,2023-12-01,23,12.0,Integrations,31,301.2
C1290,S5305,2024-01-01,21,17.0,API,299,353.8
C1290,S5305,2024-02-01,17,11.0,Integrations,2019,327.8
C1290,S5305,2024-03-01,21,15.0,API,379,405.5
C1290,S5305,2024-04-01,26,18.0,Dashboard,314,312.5
C1290,S5305,2024-05-01,29,11.0,Integrations,522,101.6
C1290,S5305,2024-06-01,21,12.0,Export,4751,227.8
C1290,S5305,2024-07-01,21,15.0,API,751,135.8
C1290,S5305,2024-08-01,29,19.0,Reports,588,215.9
C1290,S5305,2024-09-01,20,8.0,Alerts,482,229.7
C1290,S5305,2024-10-01,29,23.0,Alerts,491,79.6
C1290,S5305,2024-11-01,17,10.0,API,3704,295.4
C1290,S5305,2024-12-01,29,12.0,Integrations,343,245.7
C1291,S5306,2024-11-01,17,14.0,Alerts,20,407.3
C1291,S5306,2024-12-01,21,18.0,Integrations,1063,152.4
C1292,S5307,2024-06-01,31,19.0,Export,2101,190.4
C1292,S5307,2024-07-01,24,19.0,Export,45,300.3
C1292,S5307,2024-08-01,17,15.0,Dashboard,1587,275.8
C1292,S5307,2024-09-01,13,11.0,API,414,274.2
C1292,S5307,2024-10-01,10,6.0,Reports,173,274.5
C1292,S5307,2024-11-01,27,16.0,Dashboard,1894,191.9
C1292,S5307,2024-12-01,26,8.0,Dashboard,1374,239.2
C1293,S5308,2024-06-01,2,0.0,API,692,197.8
C1293,S5308,2024-07-01,4,3.0,Reports,737,294.2
C1293,S5308,2024-08-01,3,1.0,Reports,2197,238.7
C1293,S5308,2024-09-01,3,0.0,Integrations,339,200.4
C1293,S5308,2024-10-01,5,3.0,Dashboard,1377,266.6
C1293,S5308,2024-11-01,4,2.0,API,640,282.5
C1293,S5308,2024-12-01,5,3.0,Alerts,1117,147.9
C1294,S5309,2023-07-01,14,8.0,Export,2126,273.5
C1294,S5309,2023-08-01,8,6.0,Reports,330,172.6
C1294,S5309,2023-09-01,11,9.0,Dashboard,764,171.8
C1294,S5309,2023-10-01,6,3.0,Dashboard,68,113.4
C1294,S5309,2023-11-01,4,1.0,API,68,134.8
C1294,S5309,2023-12-01,3,1.0,Reports,389,13.5
C1294,S5309,2024-01-01,4,1.0,Alerts,987,0.0
C1294,S5309,2024-02-01,4,3.0,Reports,282,74.5
C1295,S5310,2024-05-01,5,4.0,Integrations,2490,235.0
C1295,S5310,2024-06-01,3,1.0,Dashboard,988,271.8
C1295,S5310,2024-07-01,4,2.0,API,639,340.8
C1295,S5310,2024-08-01,5,1.0,API,398,357.3
C1295,S5310,2024-09-01,4,3.0,Dashboard,1051,134.1
C1295,S5310,2024-10-01,5,4.0,Export,1831,238.5
C1295,S5310,2024-11-01,4,2.0,Reports,718,50.8
C1295,S5310,2024-12-01,4,2.0,Export,2142,351.2
C1296,S5311,2023-02-01,13,7.0,Integrations,5057,198.0
C1296,S5311,2023-03-01,13,7.0,Integrations,203,404.4
C1296,S5311,2023-04-01,9,7.0,Alerts,6866,300.8
C1296,S5311,2023-05-01,10,8.0,API,2740,151.5
C1296,S5311,2023-06-01,9,7.0,Export,214,373.6
C1296,S5311,2023-07-01,10,7.0,Dashboard,1781,147.4
C1296,S5311,2023-08-01,17,7.0,Reports,1522,144.2
C1296,S5311,2023-09-01,17,6.0,Dashboard,275,164.8
C1296,S5311,2023-10-01,10,6.0,Alerts,10,161.4
C1296,S5311,2023-11-01,12,10.0,Dashboard,107,342.8
C1296,S5311,2023-12-01,15,12.0,Dashboard,53,311.8
C1296,S5311,2024-01-01,12,6.0,Alerts,1806,145.4
C1296,S5311,2024-02-01,11,8.0,Dashboard,1127,335.5
C1296,S5311,2024-03-01,12,6.0,Reports,790,121.6
C1296,S5311,2024-04-01,13,10.0,Export,555,298.8
C1296,S5311,2024-05-01,15,5.0,Integrations,743,163.4
C1296,S5311,2024-06-01,10,8.0,Alerts,5023,430.9
C1296,S5311,2024-07-01,9,7.0,Integrations,1226,185.7
C1296,S5311,2024-08-01,12,8.0,Integrations,671,154.2
C1296,S5311,2024-09-01,13,9.0,Dashboard,725,357.9
C1296,S5311,2024-10-01,9,6.0,API,3235,231.9
C1296,S5311,2024-11-01,11,4.0,Export,734,175.0
C1296,S5311,2024-12-01,8,6.0,Export,386,232.3
C1297,S5312,2023-09-01,21,9.0,Reports,1576,161.7
C1297,S5312,2023-10-01,9,6.0,Reports,1232,263.0
C1297,S5312,2023-11-01,10,7.0,Export,865,335.9
C1297,S5312,2023-12-01,9,4.0,Integrations,737,224.6
C1297,S5312,2024-01-01,11,4.0,API,349,341.3
C1297,S5312,2024-02-01,16,11.0,API,1741,99.1
C1297,S5312,2024-03-01,17,13.0,Dashboard,119,200.8
C1297,S5312,2024-04-01,15,8.0,API,916,290.7
C1297,S5312,2024-05-01,13,7.0,Integrations,552,257.2
C1297,S5312,2024-06-01,16,8.0,Export,1895,186.2
C1297,S5312,2024-07-01,21,11.0,API,1543,162.7
C1297,S5312,2024-08-01,24,9.0,Alerts,7024,343.9
C1297,S5312,2024-09-01,20,7.0,Export,1292,242.8
C1297,S5312,2024-10-01,11,8.0,Integrations,468,242.3
C1297,S5312,2024-11-01,18,11.0,API,896,294.4
C1297,S5312,2024-12-01,18,6.0,API,395,246.2
C1298,S5313,2023-04-01,5,3.0,Reports,37,279.2
C1298,S5313,2023-05-01,4,1.0,Export,18,236.0
C1298,S5313,2023-06-01,8,3.0,Alerts,3689,257.5
C1298,S5313,2023-07-01,3,2.0,API,241,60.3
C1298,S5313,2023-08-01,4,3.0,API,978,388.5
C1298,S5313,2023-09-01,5,3.0,Integrations,3126,367.5
C1298,S5313,2023-10-01,5,3.0,Integrations,1237,276.4
C1298,S5313,2023-11-01,1,0.0,Dashboard,964,103.2
C1298,S5313,2023-12-01,4,3.0,Reports,2596,213.3
C1298,S5313,2024-01-01,5,3.0,Export,5494,412.6
C1298,S5313,2024-02-01,2,0.0,Integrations,664,320.7
C1298,S5313,2024-03-01,4,2.0,Alerts,1190,209.9
C1298,S5313,2024-04-01,2,1.0,Export,531,350.8
C1298,S5313,2024-05-01,5,4.0,API,888,310.8
C1298,S5313,2024-06-01,4,3.0,Export,1892,170.8
C1298,S5313,2024-07-01,4,2.0,Reports,2863,279.6
C1298,S5313,2024-08-01,6,5.0,Dashboard,1685,337.3
C1298,S5313,2024-09-01,3,1.0,Alerts,547,321.4
C1298,S5313,2024-10-01,5,2.0,Integrations,2469,390.9
C1298,S5313,2024-11-01,5,3.0,API,1234,183.8
C1298,S5313,2024-12-01,2,5.0,Alerts,1237,303.2
C1299,S5314,2023-08-01,5,3.0,Dashboard,24,363.8
C1299,S5314,2023-09-01,7,3.0,Integrations,2870,268.0
C1299,S5314,2023-10-01,2,0.0,API,11,240.4
C1299,S5314,2023-11-01,9,3.0,Export,802,209.3
C1299,S5314,2023-12-01,4,2.0,Dashboard,516,197.9
C1299,S5314,2024-01-01,6,2.0,API,2357,176.2
C1299,S5314,2024-02-01,8,6.0,Integrations,668,201.4
C1299,S5314,2024-03-01,2,0.0,Reports,192,386.8
C1299,S5314,2024-04-01,6,2.0,API,147,279.7
C1299,S5314,2024-05-01,6,2.0,Reports,906,281.0
C1299,S5314,2024-06-01,7,2.0,Integrations,820,130.6
C1299,S5314,2024-07-01,5,2.0,Alerts,1348,196.1
C1299,S5314,2024-08-01,5,2.0,Export,1057,293.8
C1299,S5314,2024-09-01,3,2.0,Reports,136,382.4
C1299,S5314,2024-10-01,4,3.0,Dashboard,3043,220.3
C1299,S5314,2024-11-01,5,3.0,Reports,206,119.1
C1299,S5314,2024-12-01,6,2.0,Reports,154,104.4
C1300,S5315,2023-06-01,17,9.0,Alerts,5523,151.8
C1300,S5315,2023-07-01,21,10.0,Export,4207,353.6
C1300,S5315,2023-08-01,13,11.0,API,1222,230.6
C1300,S5315,2023-09-01,15,7.0,API,2169,317.1
C1300,S5315,2023-10-01,17,13.0,Dashboard,998,281.6
C1300,S5315,2023-11-01,22,19.0,API,2006,182.2
C1300,S5315,2023-12-01,13,5.0,API,1925,192.2
C1300,S5315,2024-01-01,30,22.0,Alerts,340,308.3
C1300,S5315,2024-02-01,20,13.0,API,1164,306.2
C1300,S5315,2024-03-01,17,12.0,Export,175,265.4
C1300,S5315,2024-04-01,27,16.0,Alerts,135,210.6
C1300,S5315,2024-05-01,28,16.0,Reports,2815,258.7
C1300,S5315,2024-06-01,25,21.0,Dashboard,668,101.2
C1300,S5315,2024-07-01,21,6.0,API,3402,121.5
C1300,S5315,2024-08-01,13,6.0,Reports,1454,262.6
C1300,S5315,2024-09-01,17,7.0,Alerts,908,340.8
C1300,S5315,2024-10-01,25,9.0,Export,2206,408.4
C1300,S5315,2024-11-01,18,14.0,Alerts,1785,199.3
C1300,S5315,2024-12-01,21,13.0,Export,1481,374.1
C1301,S5316,2023-02-01,2,0.0,Alerts,4525,67.8
C1301,S5316,2023-03-01,4,2.0,Reports,817,252.3
C1301,S5316,2023-04-01,1,0.0,Export,137,206.9
C1301,S5316,2023-05-01,2,0.0,API,772,214.4
C1301,S5316,2023-06-01,2,0.0,Export,562,70.9
C1302,S5317,2024-05-01,16,13.0,Integrations,1452,121.4
C1302,S5317,2024-06-01,12,10.0,Alerts,789,245.3
C1302,S5317,2024-07-01,9,5.0,Dashboard,1247,327.4
C1302,S5317,2024-08-01,12,10.0,Integrations,1628,309.8
C1302,S5317,2024-09-01,12,4.0,Reports,934,298.5
C1302,S5317,2024-10-01,7,3.0,Dashboard,1860,201.6
C1302,S5317,2024-11-01,6,4.0,Integrations,347,227.5
C1302,S5317,2024-12-01,3,1.0,Dashboard,52,94.0
C1303,S5318,2023-08-01,9,6.0,Export,1452,131.1
C1303,S5318,2023-09-01,1,0.0,Reports,2493,244.8
C1303,S5318,2023-10-01,9,7.0,Export,140,98.9
C1303,S5318,2023-11-01,10,7.0,Dashboard,3034,248.0
C1303,S5318,2023-12-01,5,3.0,Export,4400,90.2
C1303,S5318,2024-01-01,4,1.0,API,733,335.7
C1303,S5318,2024-02-01,7,3.0,API,3322,285.7
C1303,S5318,2024-03-01,5,1.0,API,2501,77.4
C1303,S5318,2024-04-01,10,5.0,Dashboard,131,214.6
C1303,S5318,2024-05-01,6,4.0,Export,503,234.85
C1303,S5318,2024-06-01,8,3.0,Integrations,1641,328.9
C1303,S5318,2024-07-01,6,3.0,API,2623,155.1
C1303,S5318,2024-08-01,3,1.0,Integrations,151,156.0
C1303,S5318,2024-09-01,4,2.0,Alerts,636,244.5
C1303,S5318,2024-10-01,12,5.0,API,666,161.9
C1303,S5318,2024-11-01,6,1.0,Reports,485,258.6
C1303,S5318,2024-12-01,9,4.0,Alerts,249,501.6
C1304,S5319,2023-10-01,1,0.0,Reports,1836,141.7
C1304,S5319,2023-11-01,7,5.0,API,361,202.7
C1304,S5319,2023-12-01,4,2.0,Reports,103,280.6
C1304,S5319,2024-01-01,4,3.0,Dashboard,2585,294.4
C1304,S5319,2024-02-01,3,1.0,Alerts,731,316.6
C1304,S5319,2024-03-01,3,1.0,API,490,346.8
C1304,S5319,2024-04-01,5,3.0,Integrations,1328,302.0
C1304,S5319,2024-05-01,3,2.0,Integrations,492,289.4
C1304,S5319,2024-06-01,4,3.0,API,2957,143.9
C1304,S5319,2024-07-01,5,4.0,Dashboard,966,173.9
C1304,S5319,2024-08-01,2,1.0,Reports,2127,329.7
C1304,S5319,2024-09-01,7,6.0,Reports,3248,328.5
C1304,S5319,2024-10-01,9,3.0,Export,90,145.1
C1304,S5319,2024-11-01,4,2.0,Alerts,593,245.1
C1304,S5319,2024-12-01,6,4.0,Integrations,1338,364.5
C1305,S5320,2024-11-01,2,1.0,API,133,198.0
C1305,S5320,2024-12-01,1,0.0,API,1062,254.9
C1306,S5321,2024-06-01,8,6.0,Alerts,105,242.25
C1306,S5321,2024-07-01,2,1.0,API,6,278.3
C1306,S5321,2024-08-01,11,3.0,Export,453,254.3
C1306,S5321,2024-09-01,7,3.0,API,127,327.2
C1306,S5321,2024-10-01,7,3.0,Export,714,244.7
C1306,S5321,2024-11-01,9,3.0,Export,291,192.6
C1306,S5321,2024-12-01,14,6.0,Export,300,287.1
C1307,S5322,2023-09-01,14,8.0,Alerts,3043,267.1
C1307,S5322,2023-10-01,27,18.0,Reports,2260,301.8
C1307,S5322,2023-11-01,21,11.0,Dashboard,1069,119.9
C1307,S5322,2023-12-01,17,9.0,Dashboard,1329,251.1
C1307,S5322,2024-01-01,20,13.0,Alerts,1989,343.1
C1307,S5322,2024-02-01,18,15.0,Alerts,3588,153.7
C1307,S5322,2024-03-01,19,16.0,Integrations,1435,185.3
C1307,S5322,2024-04-01,13,4.0,Dashboard,1684,130.4
C1307,S5322,2024-05-01,22,18.0,Alerts,753,266.1
C1307,S5322,2024-06-01,35,21.0,API,26,169.3
C1307,S5322,2024-07-01,24,19.0,API,492,291.4
C1307,S5322,2024-08-01,14,5.0,API,548,234.1
C1307,S5322,2024-09-01,20,15.0,Integrations,5,242.2
C1307,S5322,2024-10-01,17,10.0,API,411,222.0
C1307,S5322,2024-11-01,21,18.0,Integrations,2106,104.8
C1307,S5322,2024-12-01,16,7.0,Reports,2445,313.4
C1308,S5323,2024-07-01,6,2.0,Dashboard,1162,329.0
C1308,S5323,2024-08-01,4,2.0,Alerts,634,87.5
C1308,S5323,2024-09-01,2,0.0,Reports,572,472.5
C1308,S5323,2024-10-01,0,0.0,Dashboard,507,317.4
C1308,S5323,2024-11-01,8,5.0,Alerts,1494,438.8
C1308,S5323,2024-12-01,0,0.0,Alerts,3652,254.7
C1309,S5324,2023-02-01,8,5.0,Export,367,168.9
C1309,S5324,2023-03-01,7,6.0,Dashboard,4926,182.3
C1309,S5324,2023-04-01,9,7.0,Dashboard,1281,372.7
C1309,S5324,2023-05-01,8,2.0,Alerts,81,273.1
C1309,S5324,2023-06-01,7,5.0,Export,3154,336.4
C1309,S5324,2023-07-01,5,1.0,API,880,242.4
C1309,S5324,2023-08-01,4,2.0,Dashboard,599,269.5
C1309,S5324,2023-09-01,7,3.0,Dashboard,1127,258.0
C1309,S5324,2023-10-01,5,1.0,Export,1042,245.0
C1309,S5324,2023-11-01,11,7.0,Alerts,299,160.3
C1309,S5324,2023-12-01,9,6.0,Reports,195,214.4
C1309,S5324,2024-01-01,5,4.0,Dashboard,1236,288.3
C1309,S5324,2024-02-01,3,2.0,Dashboard,380,275.3
C1309,S5324,2024-03-01,13,5.0,Export,3441,260.9
C1309,S5324,2024-04-01,10,5.0,Export,2502,361.2
C1309,S5324,2024-05-01,9,5.0,Reports,410,348.0
C1309,S5324,2024-06-01,5,2.0,Integrations,716,56.8
C1309,S5324,2024-07-01,7,5.0,Integrations,2,179.8
C1309,S5324,2024-08-01,11,7.0,Integrations,2858,342.6
C1309,S5324,2024-09-01,8,4.0,Dashboard,1528,245.1
C1309,S5324,2024-10-01,12,8.0,Export,1501,368.1
C1309,S5324,2024-11-01,9,7.0,Reports,513,380.0
C1309,S5324,2024-12-01,11,8.0,API,700,390.3
C1310,S5325,2024-08-01,11,5.0,Dashboard,353,274.1
C1310,S5325,2024-09-01,10,5.0,Dashboard,3846,232.4
C1310,S5325,2024-10-01,9,3.0,Dashboard,790,179.9
C1310,S5325,2024-11-01,8,2.0,Export,4571,339.2
C1310,S5325,2024-12-01,7,5.0,Reports,3809,234.7
C1311,S5326,2024-03-01,4,2.0,Export,1151,188.4
C1311,S5326,2024-04-01,1,0.0,Reports,1182,115.5
C1311,S5326,2024-05-01,4,1.0,API,326,242.4
C1311,S5326,2024-06-01,0,0.0,Integrations,715,142.2
C1312,S5327,2023-12-01,7,4.0,Export,1299,311.2
C1312,S5327,2024-01-01,3,1.0,Export,1082,380.6
C1312,S5327,2024-02-01,2,1.0,Reports,2169,358.1
C1312,S5327,2024-03-01,7,2.0,Dashboard,2761,341.1
C1312,S5327,2024-04-01,5,2.0,Export,191,269.5
C1312,S5327,2024-05-01,3,1.0,API,2464,183.0
C1312,S5327,2024-06-01,7,2.0,Integrations,2241,275.2
C1312,S5327,2024-07-01,9,5.0,Export,194,314.2
C1312,S5327,2024-08-01,4,2.0,Reports,938,378.9
C1312,S5327,2024-09-01,7,5.0,Alerts,576,357.6
C1312,S5327,2024-10-01,1,0.0,Alerts,1032,396.5
C1312,S5327,2024-11-01,3,1.0,Alerts,641,357.7
C1312,S5327,2024-12-01,3,1.0,Integrations,312,127.8
C1313,S5328,2023-06-01,13,8.0,API,77,233.5
C1313,S5328,2023-07-01,19,11.0,Reports,1576,305.7
C1313,S5328,2023-08-01,20,6.0,Export,578,457.0
C1313,S5328,2023-09-01,15,10.0,Reports,329,295.4
C1313,S5328,2023-10-01,14,11.0,Integrations,2744,335.0
C1313,S5328,2023-11-01,21,15.0,Reports,545,290.5
C1313,S5328,2023-12-01,20,16.0,Dashboard,225,101.9
C1313,S5328,2024-01-01,17,7.0,Export,1842,234.85
C1313,S5328,2024-02-01,11,3.0,Reports,69,233.5
C1313,S5328,2024-03-01,14,4.0,Dashboard,569,293.9
C1313,S5328,2024-04-01,18,7.0,Dashboard,3620,169.2
C1313,S5328,2024-05-01,28,24.0,Alerts,382,397.1
C1313,S5328,2024-06-01,14,7.0,Integrations,1484,251.7
C1313,S5328,2024-07-01,12,8.0,Alerts,1229,270.3
C1313,S5328,2024-08-01,19,6.0,Alerts,190,300.7
C1313,S5328,2024-09-01,10,4.0,API,980,58.9
C1313,S5328,2024-10-01,22,18.0,Integrations,766,409.6
C1313,S5328,2024-11-01,15,4.0,Export,261,196.5
C1313,S5328,2024-12-01,13,7.0,API,53,236.8
C1314,S5329,2023-01-01,16,7.0,Reports,436,198.2
C1314,S5329,2023-02-01,18,13.0,Export,2662,115.3
C1314,S5329,2023-03-01,11,8.0,Integrations,386,417.7
C1314,S5329,2023-04-01,13,9.0,Integrations,1218,360.9
C1314,S5329,2023-05-01,7,3.0,Integrations,1547,179.9
C1314,S5329,2023-06-01,16,9.0,Reports,28,295.5
C1314,S5329,2023-07-01,18,8.0,API,27,270.6
C1314,S5329,2023-08-01,7,6.0,Alerts,13,361.2
C1314,S5329,2023-09-01,5,1.0,Dashboard,283,275.1
C1314,S5329,2023-10-01,16,13.0,Alerts,1642,190.9
C1314,S5329,2023-11-01,12,9.0,Dashboard,1283,222.7
C1314,S5329,2023-12-01,16,5.0,Dashboard,109,230.6
C1314,S5329,2024-01-01,16,5.0,Integrations,600,100.4
C1314,S5329,2024-02-01,16,5.0,Export,3610,342.7
C1314,S5329,2024-03-01,13,10.0,Dashboard,1319,313.8
C1314,S5329,2024-04-01,11,8.0,Reports,1510,157.0
C1314,S5329,2024-05-01,18,9.0,Reports,2847,450.3
C1314,S5329,2024-06-01,14,9.0,Dashboard,0,179.5
C1314,S5329,2024-07-01,10,4.0,Export,1702,400.8
C1314,S5329,2024-08-01,12,4.0,API,565,254.5
C1314,S5329,2024-09-01,7,2.0,Dashboard,1042,340.0
C1314,S5329,2024-10-01,18,9.0,Dashboard,3183,324.8
C1314,S5329,2024-11-01,16,6.0,API,1137,156.5
C1314,S5329,2024-12-01,22,19.0,Dashboard,218,193.7
C1315,S5330,2024-07-01,14,9.0,Alerts,250,278.6
C1315,S5330,2024-08-01,18,10.0,API,4768,332.7
C1315,S5330,2024-09-01,15,12.0,Reports,791,297.5
C1315,S5330,2024-10-01,12,5.0,Reports,295,254.6
C1315,S5330,2024-11-01,15,12.0,Alerts,1598,260.8
C1315,S5330,2024-12-01,18,6.0,Dashboard,199,228.7
C1316,S5331,2023-08-01,5,3.0,Dashboard,2562,248.3
C1316,S5331,2023-09-01,4,2.0,Export,1631,237.4
C1316,S5331,2023-10-01,2,1.0,Reports,443,202.5
C1316,S5331,2023-11-01,2,0.0,Export,564,246.1
C1316,S5331,2023-12-01,4,1.0,Reports,1794,318.7
C1316,S5331,2024-01-01,1,0.0,Alerts,1534,458.9
C1316,S5331,2024-02-01,1,0.0,Integrations,413,234.35
C1316,S5331,2024-03-01,2,1.0,Alerts,1298,197.5
C1316,S5331,2024-04-01,8,4.0,Reports,1220,304.3
C1316,S5331,2024-05-01,5,2.0,Export,1001,316.9
C1316,S5331,2024-06-01,2,1.0,Integrations,538,175.4
C1316,S5331,2024-07-01,3,2.0,Reports,1553,131.1
C1316,S5331,2024-08-01,4,1.0,Export,1176,244.1
C1316,S5331,2024-09-01,3,2.0,Alerts,1341,177.1
C1316,S5331,2024-10-01,4,2.0,Integrations,2216,156.2
C1316,S5331,2024-11-01,1,0.0,Export,1433,220.9
C1316,S5331,2024-12-01,5,2.0,Dashboard,2858,379.8
C1317,S5332,2024-08-01,9,7.0,Reports,349,351.9
C1317,S5332,2024-09-01,5,1.0,API,537,129.5
C1317,S5332,2024-10-01,4,1.0,Reports,2343,217.3
C1317,S5332,2024-11-01,4,2.0,Alerts,1825,233.0
C1317,S5332,2024-12-01,7,4.0,Reports,1808,288.1
C1318,S5333,2023-09-01,13,7.0,API,496,121.7
C1318,S5333,2023-10-01,10,7.0,Dashboard,1499,389.7
C1318,S5333,2023-11-01,9,6.0,Alerts,651,367.8
C1318,S5333,2023-12-01,2,1.0,Reports,1087,228.6
C1318,S5333,2024-01-01,10,8.0,Dashboard,3751,382.3
C1318,S5333,2024-02-01,3,1.0,Dashboard,0,238.0
C1318,S5333,2024-03-01,8,3.0,Dashboard,997,349.0
C1318,S5333,2024-04-01,9,4.0,API,1127,134.0
C1318,S5333,2024-05-01,8,4.0,Export,406,319.6
C1318,S5333,2024-06-01,6,3.0,Alerts,2731,321.1
C1318,S5333,2024-07-01,9,3.0,Integrations,331,127.3
C1318,S5333,2024-08-01,8,2.0,Reports,831,310.6
C1318,S5333,2024-09-01,7,2.0,Reports,975,288.5
C1318,S5333,2024-10-01,11,8.0,API,34,142.7
C1318,S5333,2024-11-01,9,7.0,Reports,298,139.1
C1318,S5333,2024-12-01,8,4.0,Integrations,326,240.8
C1319,S5334,2024-08-01,9,3.0,API,1014,245.3
C1319,S5334,2024-09-01,10,5.0,Reports,1550,241.0
C1319,S5334,2024-10-01,9,7.0,Dashboard,1556,167.6
C1319,S5334,2024-11-01,16,10.0,Dashboard,2317,275.2
C1319,S5334,2024-12-01,15,7.0,API,1413,192.9
C1320,S5335,2024-05-01,18,14.0,API,800,255.8
C1320,S5335,2024-06-01,20,8.0,Export,4304,108.8
C1320,S5335,2024-07-01,19,12.0,API,1982,111.0
C1320,S5335,2024-08-01,17,12.0,Export,737,163.9
C1320,S5335,2024-09-01,13,7.0,Reports,418,192.1
C1320,S5335,2024-10-01,9,4.0,API,42,31.5
C1320,S5335,2024-11-01,5,4.0,Export,208,174.2
C1320,S5335,2024-12-01,7,2.0,Dashboard,451,0.0
C1321,S5336,2024-08-01,19,15.0,API,2932,288.2
C1321,S5336,2024-09-01,16,9.0,Alerts,158,274.1
C1321,S5336,2024-10-01,6,3.0,API,2361,230.8
C1321,S5336,2024-11-01,11,5.0,Integrations,550,98.2
C1321,S5336,2024-12-01,6,2.0,Integrations,42,390.4
C1322,S5337,2023-09-01,14,8.0,Alerts,506,215.5
C1322,S5337,2023-10-01,18,14.0,API,1630,276.6
C1322,S5337,2023-11-01,12,8.0,Reports,2169,265.3
C1322,S5337,2023-12-01,12,7.0,Integrations,1047,159.6
C1322,S5337,2024-01-01,18,12.0,Dashboard,588,173.7
C1322,S5337,2024-02-01,8,5.0,API,341,177.9
C1322,S5337,2024-03-01,9,3.0,Integrations,578,309.6
C1322,S5337,2024-04-01,7,4.0,Export,88,172.0
C1322,S5337,2024-05-01,8,3.0,Alerts,273,215.8
C1322,S5337,2024-06-01,8,6.0,Alerts,407,220.7
C1322,S5337,2024-07-01,6,2.0,Reports,2683,177.4
C1322,S5337,2024-08-01,12,6.0,API,1027,252.3
C1322,S5337,2024-09-01,10,3.0,Reports,1765,153.1
C1322,S5337,2024-10-01,18,6.0,Export,1185,227.9
C1322,S5337,2024-11-01,17,8.0,API,285,365.5
C1322,S5337,2024-12-01,10,8.0,Export,354,193.1
C1323,S5338,2023-10-01,11,5.0,Reports,488,450.3
C1323,S5338,2023-11-01,8,4.0,Alerts,957,101.9
C1323,S5338,2023-12-01,12,5.0,Export,7230,161.4
C1323,S5338,2024-01-01,6,5.0,Reports,1190,154.9
C1323,S5338,2024-02-01,2,1.0,Dashboard,1963,106.3
C1323,S5338,2024-03-01,12,8.0,Export,1147,283.1
C1323,S5338,2024-04-01,4,2.0,Integrations,1191,132.4
C1323,S5338,2024-05-01,8,7.0,Integrations,1159,170.5
C1323,S5338,2024-06-01,11,7.0,Reports,521,315.8
C1323,S5338,2024-07-01,6,4.0,API,892,313.5
C1323,S5338,2024-08-01,11,8.0,Export,3000,480.0
C1323,S5338,2024-09-01,7,3.0,Integrations,113,210.7
C1323,S5338,2024-10-01,9,6.0,Dashboard,27,251.0
C1323,S5338,2024-11-01,4,1.0,API,88,377.9
C1323,S5338,2024-12-01,8,5.0,Export,5813,375.0
C1324,S5339,2023-02-01,21,9.0,Dashboard,972,137.9
C1324,S5339,2023-03-01,26,21.0,Integrations,1147,338.4
C1324,S5339,2023-04-01,16,13.0,Alerts,38,249.5
C1324,S5339,2023-05-01,20,9.0,Reports,3787,453.7
C1324,S5339,2023-06-01,18,15.0,Reports,318,303.4
C1324,S5339,2023-07-01,26,20.0,Export,2606,262.7
C1324,S5339,2023-08-01,29,18.0,API,493,138.1
C1324,S5339,2023-09-01,32,25.0,Reports,321,163.1
C1324,S5339,2023-10-01,15,11.0,Integrations,505,351.2
C1324,S5339,2023-11-01,22,13.0,Reports,356,475.0
C1324,S5339,2023-12-01,19,6.0,API,71,265.0
C1324,S5339,2024-01-01,20,17.0,Export,293,154.5
C1324,S5339,2024-02-01,17,6.0,Integrations,1211,273.8
C1324,S5339,2024-03-01,17,11.0,API,1016,314.7
C1324,S5339,2024-04-01,16,5.0,Export,255,137.8
C1324,S5339,2024-05-01,15,12.0,Reports,1579,223.5
C1324,S5339,2024-06-01,19,8.0,Dashboard,362,289.4
C1324,S5339,2024-07-01,18,9.0,Export,2519,247.6
C1324,S5339,2024-08-01,28,20.0,Alerts,1738,367.6
C1324,S5339,2024-09-01,12,5.0,Integrations,105,276.7
C1324,S5339,2024-10-01,16,10.0,Dashboard,23,269.9
C1324,S5339,2024-11-01,19,7.0,Export,6850,190.2
C1324,S5339,2024-12-01,23,11.0,API,591,253.5
C1325,S5340,2023-05-01,6,2.0,Integrations,1116,307.8
C1325,S5340,2023-06-01,5,2.0,API,703,202.8
C1325,S5340,2023-07-01,5,4.0,Integrations,1834,371.8
C1325,S5340,2023-08-01,3,2.0,API,42,99.8
C1325,S5340,2023-09-01,1,0.0,Alerts,529,202.2
C1325,S5340,2023-10-01,4,1.0,Integrations,1747,154.9
C1325,S5340,2023-11-01,5,4.0,Export,713,344.6
C1325,S5340,2023-12-01,8,2.0,Alerts,49,229.3
C1325,S5340,2024-01-01,9,4.0,Reports,2068,258.5
C1325,S5340,2024-02-01,4,2.0,Dashboard,2393,112.2
C1325,S5340,2024-03-01,4,3.0,Reports,1533,323.3
C1325,S5340,2024-04-01,8,6.0,Alerts,602,245.8
C1325,S5340,2024-05-01,2,1.0,Export,51,370.0
C1325,S5340,2024-06-01,4,1.0,Dashboard,1280,166.8
C1325,S5340,2024-07-01,5,4.0,Export,1048,227.6
C1325,S5340,2024-08-01,4,2.0,Dashboard,940,353.6
C1325,S5340,2024-09-01,2,1.0,API,122,342.1
C1325,S5340,2024-10-01,5,4.0,Alerts,529,306.0
C1325,S5340,2024-11-01,5,2.0,Dashboard,2599,479.2
C1325,S5340,2024-12-01,2,1.0,API,209,273.9
C1326,S5341,2023-03-01,16,7.0,Export,208,243.0
C1326,S5341,2023-04-01,17,5.0,Dashboard,198,218.4
C1326,S5341,2023-05-01,12,5.0,Alerts,691,175.9
C1326,S5341,2023-06-01,20,16.0,Dashboard,1101,376.7
C1326,S5341,2023-07-01,16,7.0,API,830,328.5
C1326,S5341,2023-08-01,15,9.0,Reports,953,377.1
C1326,S5341,2023-09-01,14,11.0,Alerts,1385,292.5
C1326,S5341,2023-10-01,13,9.0,Alerts,597,335.3
C1326,S5341,2023-11-01,19,15.0,API,1950,245.8
C1326,S5341,2023-12-01,20,6.0,Export,1590,132.6
C1326,S5341,2024-01-01,22,13.0,Alerts,4224,262.1
C1326,S5341,2024-02-01,17,13.0,Integrations,2643,349.8
C1326,S5341,2024-03-01,18,6.0,Alerts,487,340.8
C1326,S5341,2024-04-01,15,13.0,API,870,36.8
C1326,S5341,2024-05-01,19,5.0,Reports,212,243.6
C1326,S5341,2024-06-01,19,11.0,Export,1796,241.0
C1326,S5341,2024-07-01,11,4.0,Reports,1977,230.3
C1326,S5341,2024-08-01,16,7.0,API,739,328.3
C1326,S5341,2024-09-01,21,12.0,API,1174,224.3
C1326,S5341,2024-10-01,20,6.0,API,2202,262.7
C1326,S5341,2024-11-01,23,10.0,Reports,297,216.9
C1326,S5341,2024-12-01,12,10.0,Alerts,2289,193.3
C1327,S5342,2023-01-01,16,5.0,Alerts,2600,209.1
C1327,S5342,2023-02-01,9,5.0,Export,769,429.7
C1327,S5342,2023-03-01,9,4.0,Reports,504,329.8
C1327,S5342,2023-04-01,7,3.0,Alerts,242,310.6
C1327,S5342,2023-05-01,8,6.0,Alerts,1614,309.3
C1327,S5342,2023-06-01,18,8.0,Reports,417,397.6
C1327,S5342,2023-07-01,17,13.0,API,1503,181.8
C1327,S5342,2023-08-01,6,3.0,API,320,287.5
C1327,S5342,2023-09-01,12,9.0,Alerts,63,413.6
C1327,S5342,2023-10-01,16,13.0,Export,1150,234.2
C1327,S5342,2023-11-01,14,12.0,Reports,1422,210.2
C1327,S5342,2023-12-01,9,6.0,API,2814,246.4
C1327,S5342,2024-01-01,10,7.0,Dashboard,6565,219.9
C1327,S5342,2024-02-01,12,10.0,Export,2385,231.7
C1327,S5342,2024-03-01,12,9.0,Alerts,1068,288.3
C1327,S5342,2024-04-01,12,6.0,Reports,1228,201.2
C1327,S5342,2024-05-01,13,10.0,Alerts,248,285.1
C1327,S5342,2024-06-01,9,4.0,Export,1184,296.9
C1327,S5342,2024-07-01,10,5.0,API,1436,294.5
C1327,S5342,2024-08-01,12,10.0,Integrations,3001,357.6
C1327,S5342,2024-09-01,10,8.0,Export,269,286.5
C1327,S5342,2024-10-01,20,15.0,Alerts,444,267.9
C1327,S5342,2024-11-01,7,4.0,Export,1994,329.6
C1327,S5342,2024-12-01,13,5.0,Integrations,1893,288.5
C1328,S5343,2023-05-01,9,8.0,Reports,1002,254.1
C1328,S5343,2023-06-01,13,8.0,Reports,1044,174.8
C1328,S5343,2023-07-01,13,6.0,Dashboard,863,162.6
C1328,S5343,2023-08-01,20,16.0,API,702,331.5
C1328,S5343,2023-09-01,17,14.0,Integrations,1096,261.8
C1328,S5343,2023-10-01,16,7.0,Reports,551,196.3
C1328,S5343,2023-11-01,5,2.0,Export,196,169.6
C1328,S5343,2023-12-01,7,5.0,Integrations,289,233.1
C1328,S5343,2024-01-01,5,3.0,Export,404,105.4
C1328,S5343,2024-02-01,6,3.0,Reports,163,204.6
C1328,S5343,2024-03-01,1,0.0,Dashboard,78,123.5
C1328,S5343,2024-04-01,3,0.0,Dashboard,56,39.0
C1329,S5344,2024-06-01,3,2.0,Dashboard,1741,192.9
C1329,S5344,2024-07-01,7,2.0,Integrations,1676,184.1
C1329,S5344,2024-08-01,4,1.0,Alerts,1343,148.7
C1329,S5344,2024-09-01,0,0.0,Dashboard,1028,153.1
C1329,S5344,2024-10-01,2,1.0,API,3650,131.7
C1329,S5344,2024-11-01,4,1.0,Alerts,2589,253.9
C1329,S5344,2024-12-01,3,1.0,Integrations,466,302.0
C1330,S5345,2023-05-01,4,1.0,Integrations,85,208.7
C1330,S5345,2023-06-01,2,1.0,Alerts,209,251.1
C1330,S5345,2023-07-01,5,2.0,Export,127,226.9
C1330,S5345,2023-08-01,2,0.0,Dashboard,1064,296.8
C1330,S5345,2023-09-01,2,1.0,Alerts,77,338.5
C1330,S5345,2023-10-01,1,0.0,Dashboard,1315,239.2
C1330,S5345,2023-11-01,1,0.0,Alerts,1351,211.6
C1330,S5345,2023-12-01,1,0.0,Export,2916,252.3
C1330,S5345,2024-01-01,5,2.0,Export,505,175.6
C1330,S5345,2024-02-01,2,1.0,Export,561,187.0
C1330,S5345,2024-03-01,3,1.0,Alerts,1760,258.2
C1330,S5345,2024-04-01,4,1.0,API,289,267.0
C1330,S5345,2024-05-01,4,2.0,Alerts,1263,160.4
C1330,S5345,2024-06-01,4,2.0,Reports,2395,274.6
C1330,S5345,2024-07-01,3,1.0,Integrations,1134,284.2
C1330,S5345,2024-08-01,5,3.0,Export,472,257.1
C1330,S5345,2024-09-01,6,4.0,Integrations,2693,293.9
C1330,S5345,2024-10-01,1,0.0,API,302,384.5
C1330,S5345,2024-11-01,5,3.0,Alerts,2351,255.7
C1330,S5345,2024-12-01,1,0.0,API,367,422.1
C1331,S5346,2023-08-01,17,13.0,Alerts,706,302.2
C1331,S5346,2023-09-01,10,8.0,Export,614,280.7
C1331,S5346,2023-10-01,14,4.0,Reports,2797,154.5
C1331,S5346,2023-11-01,16,6.0,Export,92,251.0
C1331,S5346,2023-12-01,17,6.0,Dashboard,991,185.7
C1331,S5346,2024-01-01,10,6.0,Alerts,1477,117.9
C1331,S5346,2024-02-01,8,6.0,Alerts,817,111.1
C1331,S5346,2024-03-01,11,7.0,Dashboard,49,209.0
C1331,S5346,2024-04-01,4,1.0,Export,37,267.5
C1331,S5346,2024-05-01,9,4.0,Export,11,118.9
C1331,S5346,2024-06-01,8,6.0,API,383,157.2
C1331,S5346,2024-07-01,8,6.0,Integrations,744,209.9
C1331,S5346,2024-08-01,8,4.0,Dashboard,288,59.3
C1331,S5346,2024-09-01,7,5.0,Alerts,588,165.1
C1331,S5346,2024-10-01,7,2.0,Integrations,875,8.7
C1331,S5346,2024-11-01,4,1.0,API,231,17.5
C1331,S5346,2024-12-01,4,2.0,Dashboard,701,182.6
C1332,S5347,2024-11-01,19,7.0,Integrations,1933,345.7
C1332,S5347,2024-12-01,28,12.0,API,1993,299.4
C1333,S5348,2023-05-01,16,10.0,Alerts,2631,371.2
C1333,S5348,2023-06-01,14,10.0,Integrations,1776,246.7
C1333,S5348,2023-07-01,18,8.0,Export,447,121.6
C1333,S5348,2023-08-01,15,5.0,Alerts,163,257.1
C1333,S5348,2023-09-01,12,6.0,Export,422,84.8
C1333,S5348,2023-10-01,12,5.0,Export,992,154.8
C1333,S5348,2023-11-01,10,4.0,Alerts,577,187.8
C1333,S5348,2023-12-01,15,9.0,Alerts,298,145.0
C1333,S5348,2024-01-01,14,11.0,Dashboard,1061,145.6
C1333,S5348,2024-02-01,11,8.0,API,40,74.3
C1333,S5348,2024-03-01,8,5.0,Reports,1488,115.6
C1333,S5348,2024-04-01,4,2.0,Integrations,135,25.4
C1333,S5348,2024-05-01,2,1.0,Export,269,37.9
C1333,S5348,2024-06-01,5,4.0,Export,154,149.2
C1335,S5350,2023-08-01,28,16.0,Reports,3088,129.3
C1335,S5350,2023-09-01,18,15.0,Dashboard,2031,238.4
C1335,S5350,2023-10-01,14,9.0,Integrations,976,146.4
C1335,S5350,2023-11-01,27,19.0,Reports,4106,272.0
C1335,S5350,2023-12-01,22,18.0,API,1157,151.1
C1335,S5350,2024-01-01,26,22.0,Integrations,625,248.1
C1335,S5350,2024-02-01,25,9.0,API,679,113.7
C1335,S5350,2024-03-01,26,12.0,Reports,817,267.9
C1335,S5350,2024-04-01,18,12.0,Reports,345,165.8
C1335,S5350,2024-05-01,16,10.0,Dashboard,1794,256.5
C1335,S5350,2024-06-01,25,15.0,Reports,1120,243.0
C1335,S5350,2024-07-01,20,6.0,Alerts,2473,337.5
C1335,S5350,2024-08-01,22,14.0,Dashboard,2896,132.2
C1335,S5350,2024-09-01,22,9.0,Dashboard,2561,320.9
C1335,S5350,2024-10-01,16,13.0,Export,2970,299.9
C1335,S5350,2024-11-01,23,19.0,Reports,4573,388.7
C1335,S5350,2024-12-01,23,7.0,API,11,162.3
C1336,S5351,2023-06-01,5,2.0,Dashboard,315,245.5
C1336,S5351,2023-07-01,6,3.0,Reports,51,138.9
C1336,S5351,2023-08-01,9,3.0,Integrations,987,234.1
C1336,S5351,2023-09-01,5,4.0,API,1365,358.2
C1336,S5351,2023-10-01,10,8.0,Integrations,2486,225.2
C1336,S5351,2023-11-01,6,4.0,Export,4478,217.5
C1336,S5351,2023-12-01,10,6.0,Reports,311,176.7
C1336,S5351,2024-01-01,9,2.0,Integrations,1284,244.4
C1336,S5351,2024-02-01,5,1.0,Integrations,2743,189.5
C1336,S5351,2024-03-01,9,3.0,Integrations,673,356.2
C1336,S5351,2024-04-01,7,2.0,Integrations,202,228.9
C1336,S5351,2024-05-01,6,2.0,Alerts,67,240.5
C1336,S5351,2024-06-01,12,8.0,Export,23,350.5
C1336,S5351,2024-07-01,4,3.0,API,1085,305.8
C1336,S5351,2024-08-01,3,2.0,API,1317,155.5
C1336,S5351,2024-09-01,7,2.0,Export,416,343.2
C1336,S5351,2024-10-01,4,2.0,Dashboard,4098,299.2
C1336,S5351,2024-11-01,7,2.0,Export,1799,164.3
C1336,S5351,2024-12-01,11,9.0,Reports,318,272.1
C1337,S5352,2024-01-01,3,1.0,Export,487,232.3
C1337,S5352,2024-02-01,2,1.0,Dashboard,1748,355.1
C1337,S5352,2024-03-01,4,1.0,Export,1841,169.7
C1337,S5352,2024-04-01,1,0.0,Export,579,235.5
C1337,S5352,2024-05-01,3,1.0,Dashboard,402,133.1
C1337,S5352,2024-06-01,2,1.0,Dashboard,941,276.0
C1337,S5352,2024-07-01,1,0.0,API,791,130.1
C1337,S5352,2024-08-01,2,1.0,Alerts,2,337.8
C1337,S5352,2024-09-01,1,0.0,Dashboard,64,59.4
C1337,S5352,2024-10-01,2,1.0,Reports,228,210.0
C1337,S5352,2024-11-01,2,0.0,Dashboard,372,130.9
C1337,S5352,2024-12-01,1,0.0,Integrations,662,107.7
C1338,S5353,2023-04-01,13,5.0,Dashboard,58,132.9
C1338,S5353,2023-05-01,16,6.0,Dashboard,1317,165.0
C1338,S5353,2023-06-01,18,8.0,Export,521,394.3
C1338,S5353,2023-07-01,17,7.0,Dashboard,245,163.7
C1338,S5353,2023-08-01,14,6.0,Alerts,3946,35.4
C1338,S5353,2023-09-01,14,12.0,Alerts,355,142.1
C1338,S5353,2023-10-01,21,9.0,Reports,283,289.3
C1338,S5353,2023-11-01,12,3.0,API,3849,244.9
C1338,S5353,2023-12-01,15,10.0,Alerts,0,128.1
C1338,S5353,2024-01-01,12,8.0,Dashboard,3456,139.7
C1338,S5353,2024-02-01,22,17.0,Reports,474,188.8
C1338,S5353,2024-03-01,13,4.0,Integrations,1271,194.8
C1338,S5353,2024-04-01,15,7.0,Integrations,27,165.1
C1338,S5353,2024-05-01,19,15.0,Alerts,936,256.7
C1338,S5353,2024-06-01,17,10.0,Integrations,1918,231.6
C1338,S5353,2024-07-01,8,5.0,Integrations,285,131.3
C1338,S5353,2024-08-01,12,5.0,Reports,783,158.8
C1338,S5353,2024-09-01,19,8.0,Alerts,540,242.25
C1338,S5353,2024-10-01,20,17.0,API,689,179.2
C1338,S5353,2024-11-01,16,14.0,API,4076,224.1
C1338,S5353,2024-12-01,11,9.0,API,533,286.2
C1339,S5354,2023-02-01,13,10.0,Dashboard,901,285.2
C1339,S5354,2023-03-01,8,7.0,Reports,106,352.3
C1339,S5354,2023-04-01,8,2.0,Integrations,818,267.3
C1339,S5354,2023-05-01,8,5.0,Alerts,2219,196.7
C1339,S5354,2023-06-01,10,7.0,Export,989,284.3
C1339,S5354,2023-07-01,6,4.0,Integrations,2270,209.7
C1339,S5354,2023-08-01,10,5.0,Alerts,3198,287.7
C1339,S5354,2023-09-01,8,4.0,Integrations,2786,204.4
C1339,S5354,2023-10-01,10,3.0,Integrations,2411,311.3
C1339,S5354,2023-11-01,12,9.0,Reports,1824,139.8
C1339,S5354,2023-12-01,10,7.0,Export,3022,238.9
C1339,S5354,2024-01-01,17,10.0,Reports,2026,124.4
C1339,S5354,2024-02-01,4,3.0,API,3973,260.1
C1339,S5354,2024-03-01,6,3.0,Alerts,1514,224.7
C1339,S5354,2024-04-01,11,8.0,Alerts,144,330.4
C1339,S5354,2024-05-01,8,3.0,Integrations,2257,359.0
C1339,S5354,2024-06-01,2,1.0,Dashboard,1877,252.3
C1339,S5354,2024-07-01,6,3.0,Export,1656,307.9
C1339,S5354,2024-08-01,11,5.0,Alerts,293,138.7
C1339,S5354,2024-09-01,7,2.0,Alerts,490,87.6
C1339,S5354,2024-10-01,4,3.0,Export,3308,182.1
C1339,S5354,2024-11-01,11,7.0,Integrations,1035,285.7
C1339,S5354,2024-12-01,9,6.0,Alerts,104,97.2
C1340,S5355,2024-03-01,18,14.0,API,1564,345.3
C1340,S5355,2024-04-01,14,12.0,Integrations,464,258.4
C1340,S5355,2024-05-01,17,15.0,Reports,1137,198.4
C1340,S5355,2024-06-01,20,14.0,Export,3104,208.0
C1340,S5355,2024-07-01,12,9.0,Export,2575,109.2
C1340,S5355,2024-08-01,17,13.0,Dashboard,742,262.1
C1340,S5355,2024-09-01,11,6.0,Integrations,298,192.3
C1340,S5355,2024-10-01,20,8.0,Dashboard,1589,426.6
C1340,S5355,2024-11-01,18,6.0,Dashboard,287,292.8
C1340,S5355,2024-12-01,20,8.0,Integrations,846,251.0
C1341,S5356,2023-03-01,16,6.0,Integrations,501,339.7
C1341,S5356,2023-04-01,20,9.0,Integrations,3053,345.9
C1341,S5356,2023-05-01,17,6.0,Reports,382,254.1
C1341,S5356,2023-06-01,14,7.0,Export,778,175.7
C1341,S5356,2023-07-01,17,10.0,Export,346,214.5
C1341,S5356,2023-08-01,15,9.0,Export,181,263.1
C1341,S5356,2023-09-01,18,9.0,Alerts,744,198.5
C1341,S5356,2023-10-01,15,6.0,API,487,139.7
C1341,S5356,2023-11-01,11,4.0,Alerts,233,286.1
C1341,S5356,2023-12-01,21,15.0,Alerts,102,231.2
C1341,S5356,2024-01-01,16,8.0,Integrations,2581,288.3
C1341,S5356,2024-02-01,9,7.0,Integrations,419,331.7
C1341,S5356,2024-03-01,15,13.0,Export,542,174.7
C1341,S5356,2024-04-01,22,19.0,Dashboard,1467,289.0
C1341,S5356,2024-05-01,16,5.0,Export,232,391.2
C1341,S5356,2024-06-01,16,11.0,Alerts,857,287.4
C1341,S5356,2024-07-01,13,8.0,Alerts,3990,183.2
C1341,S5356,2024-08-01,11,8.0,Reports,384,224.5
C1341,S5356,2024-09-01,15,4.0,Export,2234,388.6
C1341,S5356,2024-10-01,14,7.0,API,827,248.6
C1341,S5356,2024-11-01,14,4.0,Integrations,1049,323.4
C1341,S5356,2024-12-01,18,9.0,Dashboard,704,225.0
C1342,S5357,2023-05-01,7,2.0,Integrations,366,141.2
C1342,S5357,2023-06-01,10,8.0,Integrations,541,305.1
C1342,S5357,2023-07-01,9,3.0,API,1106,317.0
C1342,S5357,2023-08-01,9,4.0,Dashboard,4854,258.8
C1342,S5357,2023-09-01,6,3.0,Reports,2417,301.8
C1342,S5357,2023-10-01,6,5.0,Dashboard,1548,383.8
C1342,S5357,2023-11-01,9,7.0,Dashboard,3485,414.3
C1342,S5357,2023-12-01,8,3.0,Alerts,1113,339.8
C1342,S5357,2024-01-01,8,4.0,API,748,298.0
C1342,S5357,2024-02-01,5,4.0,Alerts,197,153.6
C1342,S5357,2024-03-01,5,1.0,Reports,293,212.6
C1342,S5357,2024-04-01,11,9.0,Alerts,4103,345.3
C1342,S5357,2024-05-01,5,4.0,Alerts,613,163.0
C1342,S5357,2024-06-01,6,4.0,Dashboard,1418,353.0
C1342,S5357,2024-07-01,6,4.0,API,1604,164.8
C1342,S5357,2024-08-01,6,3.0,Reports,407,111.1
C1342,S5357,2024-09-01,5,2.0,Dashboard,1179,367.2
C1342,S5357,2024-10-01,4,2.0,Integrations,605,186.8
C1342,S5357,2024-11-01,4,2.0,Alerts,3749,209.1
C1342,S5357,2024-12-01,4,1.0,Integrations,404,166.7
C1343,S5358,2024-12-01,6,2.0,Reports,646,216.6
C1344,S5359,2023-08-01,21,10.0,Dashboard,746,115.7
C1344,S5359,2023-09-01,25,21.0,Integrations,1535,296.1
C1344,S5359,2023-10-01,18,8.0,Dashboard,736,173.5
C1344,S5359,2023-11-01,14,11.0,Reports,2922,385.6
C1344,S5359,2023-12-01,16,14.0,Reports,801,280.8
C1344,S5359,2024-01-01,19,12.0,API,1964,234.9
C1344,S5359,2024-02-01,20,15.0,API,1515,271.9
C1344,S5359,2024-03-01,16,5.0,Alerts,477,268.9
C1344,S5359,2024-04-01,20,7.0,Integrations,5,273.7
C1344,S5359,2024-05-01,18,9.0,API,145,421.3
C1344,S5359,2024-06-01,29,11.0,Export,1473,158.7
C1344,S5359,2024-07-01,14,8.0,Integrations,2167,233.6
C1344,S5359,2024-08-01,25,9.0,API,2709,161.9
C1344,S5359,2024-09-01,18,11.0,Dashboard,59,267.5
C1344,S5359,2024-10-01,23,10.0,Dashboard,162,240.0
C1344,S5359,2024-11-01,16,10.0,Alerts,1190,207.7
C1344,S5359,2024-12-01,15,9.0,Alerts,1209,166.1
C1345,S5360,2024-02-01,24,10.0,Integrations,156,204.6
C1345,S5360,2024-03-01,17,6.0,Alerts,187,229.7
C1345,S5360,2024-04-01,30,21.0,Reports,140,296.4
C1345,S5360,2024-05-01,22,8.0,Export,706,299.5
C1345,S5360,2024-06-01,19,12.0,API,487,273.8
C1345,S5360,2024-07-01,29,15.0,API,1781,330.9
C1345,S5360,2024-08-01,25,15.0,Reports,84,205.6
C1345,S5360,2024-09-01,19,7.0,API,1164,194.1
C1345,S5360,2024-10-01,28,10.0,Alerts,862,299.0
C1345,S5360,2024-11-01,24,13.0,Reports,1448,369.6
C1345,S5360,2024-12-01,23,12.0,Export,91,207.5
C1346,S5361,2024-10-01,18,13.0,Integrations,283,253.3
C1346,S5361,2024-11-01,24,20.0,Dashboard,2085,206.6
C1346,S5361,2024-12-01,14,12.0,Integrations,232,190.1
C1347,S5362,2023-11-01,16,5.0,Alerts,2611,278.8
C1347,S5362,2023-12-01,21,13.0,Dashboard,686,330.3
C1347,S5362,2024-01-01,20,7.0,Reports,837,251.9
C1347,S5362,2024-02-01,25,9.0,Integrations,974,235.7
C1347,S5362,2024-03-01,11,4.0,Integrations,848,238.6
C1347,S5362,2024-04-01,24,19.0,API,694,223.7
C1347,S5362,2024-05-01,15,8.0,Alerts,2522,247.4
C1347,S5362,2024-06-01,14,11.0,Dashboard,1463,126.1
C1347,S5362,2024-07-01,25,11.0,Reports,227,129.7
C1347,S5362,2024-08-01,15,13.0,Integrations,4080,296.3
C1347,S5362,2024-09-01,8,6.0,Export,1893,314.6
C1347,S5362,2024-10-01,15,10.0,Reports,1989,91.9
C1347,S5362,2024-11-01,31,11.0,Export,416,253.6
C1347,S5362,2024-12-01,20,7.0,Dashboard,261,258.6
C1348,S5363,2023-11-01,12,9.0,Dashboard,1545,161.9
C1348,S5363,2023-12-01,4,2.0,Export,81,115.4
C1348,S5363,2024-01-01,7,4.0,Reports,2460,206.7
C1348,S5363,2024-02-01,7,5.0,Export,6,201.2
C1348,S5363,2024-03-01,5,2.0,Integrations,101,347.3
C1348,S5363,2024-04-01,5,2.0,Export,637,202.9
C1348,S5363,2024-05-01,5,3.0,Dashboard,3307,317.4
C1348,S5363,2024-06-01,5,3.0,API,154,269.7
C1348,S5363,2024-07-01,6,2.0,Export,3573,243.2
C1348,S5363,2024-08-01,3,2.0,Alerts,99,178.8
C1348,S5363,2024-09-01,3,1.0,Alerts,1106,266.4
C1348,S5363,2024-10-01,11,4.0,Dashboard,3059,266.3
C1348,S5363,2024-11-01,10,7.0,Export,675,0.0
C1348,S5363,2024-12-01,8,2.0,Export,980,439.1
C1349,S5364,2024-02-01,5,4.0,API,682,354.2
C1349,S5364,2024-03-01,5,1.0,Export,39,223.8
C1349,S5364,2024-04-01,8,5.0,Dashboard,52,203.9
C1349,S5364,2024-05-01,6,4.0,Integrations,2093,216.1
C1349,S5364,2024-06-01,12,8.0,Export,146,164.1
C1349,S5364,2024-07-01,5,3.0,Alerts,627,278.5
C1349,S5364,2024-08-01,12,9.0,Reports,2719,314.6
C1349,S5364,2024-09-01,5,3.0,Export,1220,153.0
C1349,S5364,2024-10-01,3,1.0,Reports,4497,214.4
C1349,S5364,2024-11-01,6,3.0,Dashboard,1054,244.2
C1349,S5364,2024-12-01,10,4.0,Integrations,28,444.4
C1350,S5365,2023-07-01,26,14.0,Reports,1751,447.6
C1350,S5365,2023-08-01,23,10.0,Reports,125,376.7
C1350,S5365,2023-09-01,21,15.0,Alerts,1988,290.5
C1350,S5365,2023-10-01,23,8.0,API,272,334.1
C1350,S5365,2023-11-01,12,7.0,API,205,336.7
C1350,S5365,2023-12-01,17,14.0,Alerts,358,187.6
C1350,S5365,2024-01-01,17,7.0,Export,936,305.3
C1350,S5365,2024-02-01,16,11.0,Dashboard,370,334.1
C1350,S5365,2024-03-01,14,8.0,Reports,933,176.5
C1350,S5365,2024-04-01,24,13.0,Alerts,155,211.5
C1350,S5365,2024-05-01,12,5.0,Alerts,316,336.9
C1350,S5365,2024-06-01,20,17.0,Reports,1138,359.0
C1350,S5365,2024-07-01,18,11.0,Export,910,454.5
C1350,S5365,2024-08-01,18,13.0,Integrations,72,104.5
C1350,S5365,2024-09-01,24,14.0,Alerts,97,233.9
C1350,S5365,2024-10-01,16,10.0,Dashboard,672,168.3
C1350,S5365,2024-11-01,18,11.0,Dashboard,1068,195.2
C1350,S5365,2024-12-01,21,10.0,Export,1812,277.9
C1351,S5366,2023-04-01,7,4.0,Reports,3124,215.2
C1351,S5366,2023-05-01,4,3.0,Integrations,799,203.6
C1351,S5366,2023-06-01,5,2.0,API,1210,340.1
C1351,S5366,2023-07-01,5,4.0,Reports,416,122.4
C1351,S5366,2023-08-01,4,3.0,Dashboard,1875,220.3
C1351,S5366,2023-09-01,5,3.0,Dashboard,677,306.0
C1351,S5366,2023-10-01,2,1.0,Reports,1400,238.9
C1351,S5366,2023-11-01,5,2.0,Export,1576,161.3
C1351,S5366,2023-12-01,4,1.0,Alerts,1373,146.1
C1351,S5366,2024-01-01,2,0.0,Integrations,81,312.7
C1351,S5366,2024-02-01,7,3.0,Integrations,1190,354.6
C1351,S5366,2024-03-01,3,1.0,Export,384,361.6
C1351,S5366,2024-04-01,6,5.0,Dashboard,511,260.2
C1351,S5366,2024-05-01,12,3.0,Reports,406,229.7
C1351,S5366,2024-06-01,6,4.0,Reports,3758,131.0
C1351,S5366,2024-07-01,4,2.0,Integrations,100,237.5
C1351,S5366,2024-08-01,4,2.0,Dashboard,2262,325.1
C1351,S5366,2024-09-01,3,1.0,Integrations,306,129.3
C1351,S5366,2024-10-01,5,2.0,Alerts,225,40.6
C1351,S5366,2024-11-01,2,1.0,Dashboard,1059,117.5
C1351,S5366,2024-12-01,5,3.0,Integrations,2982,363.3
C1352,S5367,2024-03-01,6,2.0,Dashboard,1174,246.2
C1352,S5367,2024-04-01,10,7.0,Export,1194,300.2
C1352,S5367,2024-05-01,9,5.0,Alerts,2581,332.5
C1352,S5367,2024-06-01,11,4.0,Export,1511,262.2
C1352,S5367,2024-07-01,12,10.0,Reports,60,312.7
C1352,S5367,2024-08-01,9,6.0,Integrations,159,260.2
C1352,S5367,2024-09-01,7,5.0,Dashboard,1546,242.7
C1352,S5367,2024-10-01,7,5.0,Dashboard,457,114.2
C1352,S5367,2024-11-01,14,9.0,API,266,258.2
C1352,S5367,2024-12-01,10,7.0,Integrations,346,290.6
C1354,S5369,2023-01-01,12,10.0,API,676,194.7
C1354,S5369,2023-02-01,13,4.0,API,764,163.7
C1354,S5369,2023-03-01,17,13.0,Integrations,266,351.4
C1354,S5369,2023-04-01,11,6.0,Reports,1561,277.8
C1354,S5369,2023-05-01,15,8.0,Reports,1593,358.9
C1354,S5369,2023-06-01,13,5.0,Alerts,1002,102.5
C1354,S5369,2023-07-01,13,9.0,API,100,311.6
C1354,S5369,2023-08-01,17,11.0,Export,762,384.8
C1354,S5369,2023-09-01,21,9.0,Dashboard,1742,411.0
C1354,S5369,2023-10-01,14,4.0,API,1342,318.7
C1354,S5369,2023-11-01,20,9.0,Dashboard,461,135.3
C1354,S5369,2023-12-01,15,6.0,API,4459,364.4
C1354,S5369,2024-01-01,21,11.0,Dashboard,1294,267.2
C1354,S5369,2024-02-01,12,6.0,API,722,241.3
C1354,S5369,2024-03-01,25,8.0,API,988,221.3
C1354,S5369,2024-04-01,7,2.0,Reports,2033,211.9
C1354,S5369,2024-05-01,17,11.0,Integrations,993,320.8
C1354,S5369,2024-06-01,21,6.0,Reports,1010,223.9
C1354,S5369,2024-07-01,15,11.0,Export,97,165.4
C1354,S5369,2024-08-01,13,4.0,Dashboard,768,97.9
C1354,S5369,2024-09-01,14,7.0,Alerts,509,166.7
C1354,S5369,2024-10-01,17,9.0,Integrations,2230,88.6
C1354,S5369,2024-11-01,16,11.0,Reports,1923,217.7
C1354,S5369,2024-12-01,19,5.0,Dashboard,1650,324.4
C1355,S5370,2024-10-01,11,5.0,API,249,256.9
C1355,S5370,2024-11-01,10,6.0,Integrations,61,170.4
C1355,S5370,2024-12-01,5,1.0,Dashboard,239,215.4
C1356,S5371,2024-02-01,9,3.0,Export,1611,241.9
C1356,S5371,2024-03-01,12,9.0,Alerts,1674,381.0
C1356,S5371,2024-04-01,3,1.0,Export,4543,243.0
C1356,S5371,2024-05-01,9,5.0,Integrations,813,204.6
C1356,S5371,2024-06-01,13,9.0,API,751,121.8
C1356,S5371,2024-07-01,11,7.0,Reports,1097,31.4
C1356,S5371,2024-08-01,5,2.0,API,13,208.8
C1356,S5371,2024-09-01,10,5.0,Alerts,74,343.6
C1356,S5371,2024-10-01,7,5.0,Integrations,1074,284.1
C1356,S5371,2024-11-01,7,4.0,Reports,1256,316.6
C1356,S5371,2024-12-01,5,1.0,Alerts,2140,288.8
C1357,S5372,2023-01-01,11,5.0,API,2139,197.4
C1357,S5372,2023-02-01,10,8.0,Reports,3359,104.0
C1357,S5372,2023-03-01,8,4.0,Dashboard,3328,216.6
C1357,S5372,2023-04-01,11,9.0,Export,620,433.0
C1357,S5372,2023-05-01,7,5.0,Dashboard,890,252.4
C1357,S5372,2023-06-01,7,2.0,Integrations,2713,185.1
C1357,S5372,2023-07-01,11,3.0,Dashboard,382,306.4
C1357,S5372,2023-08-01,5,2.0,API,156,196.3
C1357,S5372,2023-09-01,5,1.0,Reports,187,251.4
C1357,S5372,2023-10-01,9,2.0,Dashboard,85,168.6
C1357,S5372,2023-11-01,10,8.0,Export,352,292.3
C1357,S5372,2023-12-01,10,8.0,Alerts,375,268.5
C1357,S5372,2024-01-01,13,5.0,Alerts,76,303.7
C1357,S5372,2024-02-01,10,8.0,Export,1259,336.8
C1357,S5372,2024-03-01,13,6.0,Alerts,47,244.9
C1357,S5372,2024-04-01,11,6.0,Integrations,951,242.8
C1357,S5372,2024-05-01,12,9.0,Reports,2220,407.1
C1357,S5372,2024-06-01,11,8.0,Dashboard,685,125.6
C1357,S5372,2024-07-01,5,3.0,Integrations,1597,303.5
C1357,S5372,2024-08-01,9,4.0,API,823,144.7
C1357,S5372,2024-09-01,9,5.0,Integrations,3130,189.7
C1357,S5372,2024-10-01,10,4.0,API,712,252.7
C1357,S5372,2024-11-01,12,8.0,Reports,780,218.0
C1357,S5372,2024-12-01,14,11.0,Alerts,198,314.3
C1358,S5373,2023-07-01,10,6.0,Reports,3441,150.5
C1358,S5373,2023-08-01,19,11.0,API,1384,209.7
C1358,S5373,2023-09-01,17,9.0,API,784,387.7
C1358,S5373,2023-10-01,13,8.0,Alerts,546,253.4
C1358,S5373,2023-11-01,15,5.0,API,1064,125.0
C1358,S5373,2023-12-01,14,9.0,Integrations,1483,181.9
C1358,S5373,2024-01-01,14,6.0,Alerts,4269,61.3
C1358,S5373,2024-02-01,11,7.0,Integrations,75,125.4
C1358,S5373,2024-03-01,20,10.0,Export,366,234.85
C1358,S5373,2024-04-01,6,3.0,Dashboard,276,140.8
C1358,S5373,2024-05-01,9,3.0,Export,405,88.0
C1358,S5373,2024-06-01,10,6.0,API,946,93.2
C1358,S5373,2024-07-01,5,1.0,API,82,68.3
C1358,S5373,2024-08-01,5,3.0,Alerts,98,150.3
C1358,S5373,2024-09-01,8,3.0,Reports,386,94.7
C1358,S5373,2024-10-01,3,2.0,Integrations,145,118.0
C1360,S5375,2024-08-01,11,7.0,Reports,542,370.4
C1360,S5375,2024-09-01,5,4.0,Integrations,1924,289.8
C1360,S5375,2024-10-01,4,1.0,Alerts,655,299.8
C1360,S5375,2024-11-01,6,2.0,Export,895,264.1
C1360,S5375,2024-12-01,5,1.0,Alerts,8,206.9
C1361,S5376,2024-10-01,28,10.0,Dashboard,907,268.0
C1361,S5376,2024-11-01,16,6.0,Integrations,312,254.4
C1361,S5376,2024-12-01,13,5.0,Dashboard,1610,144.3
C1362,S5377,2023-03-01,21,12.0,API,265,352.0
C1362,S5377,2023-04-01,15,8.0,Dashboard,1474,115.7
C1362,S5377,2023-05-01,18,6.0,Reports,818,275.7
C1362,S5377,2023-06-01,10,4.0,Alerts,170,270.8
C1362,S5377,2023-07-01,18,13.0,API,349,150.2
C1362,S5377,2023-08-01,7,4.0,Export,281,222.4
C1362,S5377,2023-09-01,10,8.0,Export,2989,366.0
C1362,S5377,2023-10-01,6,2.0,Dashboard,1607,278.9
C1362,S5377,2023-11-01,17,11.0,Reports,542,283.7
C1362,S5377,2023-12-01,14,7.0,Dashboard,58,274.2
C1362,S5377,2024-01-01,21,9.0,Export,3108,180.8
C1362,S5377,2024-02-01,13,9.0,Alerts,26,368.2
C1362,S5377,2024-03-01,8,3.0,Alerts,2259,198.6
C1362,S5377,2024-04-01,12,3.0,Alerts,1070,219.8
C1362,S5377,2024-05-01,10,5.0,Alerts,5807,401.1
C1362,S5377,2024-06-01,15,7.0,Integrations,8,324.6
C1362,S5377,2024-07-01,5,3.0,Alerts,766,215.8
C1362,S5377,2024-08-01,9,3.0,Dashboard,717,200.9
C1362,S5377,2024-09-01,8,3.0,Dashboard,1133,304.4
C1362,S5377,2024-10-01,11,8.0,Alerts,187,152.8
C1362,S5377,2024-11-01,14,4.0,API,111,330.3
C1362,S5377,2024-12-01,10,4.0,Reports,2734,318.3
C1363,S5378,2024-08-01,4,1.0,Alerts,1137,189.9
C1363,S5378,2024-09-01,10,6.0,Reports,281,315.5
C1363,S5378,2024-10-01,12,6.0,Alerts,410,197.6
C1363,S5378,2024-11-01,4,1.0,API,1387,225.5
C1363,S5378,2024-12-01,4,2.0,Integrations,2086,355.5
C1364,S5379,2023-12-01,11,7.0,Dashboard,387,241.4
C1364,S5379,2024-01-01,10,3.0,Integrations,428,234.35
C1364,S5379,2024-02-01,15,11.0,Reports,290,82.2
C1364,S5379,2024-03-01,8,6.0,API,300,293.7
C1364,S5379,2024-04-01,13,6.0,API,628,244.9
C1364,S5379,2024-05-01,17,11.0,Export,1074,266.0
C1364,S5379,2024-06-01,19,8.0,Integrations,900,111.1
C1364,S5379,2024-07-01,11,3.0,Integrations,415,296.9
C1364,S5379,2024-08-01,16,7.0,Integrations,635,412.9
C1364,S5379,2024-09-01,9,5.0,Alerts,276,154.7
C1364,S5379,2024-10-01,14,6.0,Alerts,2609,238.4
C1364,S5379,2024-11-01,5,2.0,Export,345,156.9
C1364,S5379,2024-12-01,11,3.0,Dashboard,328,253.9
C1365,S5380,2024-06-01,17,6.0,Export,164,151.1
C1365,S5380,2024-07-01,14,4.0,Export,2311,227.8
C1365,S5380,2024-08-01,23,9.0,Export,3810,319.9
C1365,S5380,2024-09-01,26,14.0,Alerts,1298,212.6
C1365,S5380,2024-10-01,20,16.0,Alerts,789,438.3
C1365,S5380,2024-11-01,20,17.0,Export,814,298.4
C1365,S5380,2024-12-01,21,15.0,Reports,45,352.5
C1366,S5381,2024-06-01,22,19.0,Dashboard,178,249.3
C1366,S5381,2024-07-01,14,5.0,API,871,232.0
C1366,S5381,2024-08-01,19,6.0,Alerts,1375,419.7
C1366,S5381,2024-09-01,11,4.0,Alerts,1572,285.8
C1366,S5381,2024-10-01,10,6.0,Integrations,551,397.1
C1366,S5381,2024-11-01,23,14.0,API,604,305.2
C1366,S5381,2024-12-01,8,5.0,Dashboard,1946,263.3
C1367,S5382,2024-11-01,18,13.0,Alerts,548,253.0
C1367,S5382,2024-12-01,12,6.0,API,496,141.4
C1368,S5383,2024-09-01,19,10.0,Alerts,41,173.3
C1368,S5383,2024-10-01,8,3.0,Alerts,1334,204.1
C1368,S5383,2024-11-01,16,13.0,Dashboard,631,142.2
C1368,S5383,2024-12-01,16,5.0,Alerts,1212,282.8
C1369,S5384,2024-11-01,17,10.0,Alerts,1415,250.4
C1369,S5384,2024-12-01,22,17.0,Export,287,136.2
C1370,S5385,2023-11-01,6,3.0,Dashboard,115,213.4
C1370,S5385,2023-12-01,3,1.0,Integrations,478,214.8
C1370,S5385,2024-01-01,14,9.0,Alerts,147,171.1
C1370,S5385,2024-02-01,7,2.0,Reports,8,210.8
C1370,S5385,2024-03-01,7,2.0,Reports,4695,229.3
C1370,S5385,2024-04-01,5,1.0,Integrations,961,347.9
C1370,S5385,2024-05-01,8,2.0,Dashboard,902,317.6
C1370,S5385,2024-06-01,11,7.0,Reports,2511,141.7
C1370,S5385,2024-07-01,7,3.0,Export,459,299.9
C1370,S5385,2024-08-01,13,7.0,Dashboard,72,300.7
C1370,S5385,2024-09-01,8,4.0,Reports,3032,228.9
C1370,S5385,2024-10-01,8,5.0,Export,58,420.5
C1370,S5385,2024-11-01,12,6.0,Reports,2547,149.7
C1370,S5385,2024-12-01,8,4.0,Dashboard,4230,123.2
C1371,S5386,2023-10-01,8,3.0,Export,1125,191.6
C1371,S5386,2023-11-01,16,6.0,Dashboard,558,129.3
C1371,S5386,2023-12-01,18,7.0,Integrations,229,455.5
C1371,S5386,2024-01-01,21,17.0,Export,966,312.9
C1371,S5386,2024-02-01,14,9.0,Dashboard,227,97.2
C1371,S5386,2024-03-01,21,6.0,Integrations,126,181.4
C1371,S5386,2024-04-01,11,8.0,Reports,692,238.9
C1371,S5386,2024-05-01,14,5.0,Integrations,3011,441.9
C1371,S5386,2024-06-01,15,7.0,Dashboard,99,159.4
C1371,S5386,2024-07-01,17,13.0,Dashboard,74,178.0
C1371,S5386,2024-08-01,9,5.0,API,177,76.3
C1371,S5386,2024-09-01,8,3.0,Reports,635,274.5
C1371,S5386,2024-10-01,18,9.0,Export,1759,283.8
C1371,S5386,2024-11-01,11,8.0,Dashboard,1662,141.5
C1371,S5386,2024-12-01,12,8.0,Export,110,242.0
C1372,S5387,2024-07-01,26,7.0,Reports,4911,53.2
C1372,S5387,2024-08-01,23,7.0,Export,691,331.5
C1372,S5387,2024-09-01,24,12.0,Alerts,2605,228.2
C1372,S5387,2024-10-01,18,9.0,Dashboard,1439,275.7
C1372,S5387,2024-11-01,21,14.0,Alerts,555,248.9
C1372,S5387,2024-12-01,23,19.0,API,210,271.9
C1373,S5388,2023-09-01,14,5.0,Dashboard,313,303.1
C1373,S5388,2023-10-01,16,7.0,Dashboard,350,230.0
C1373,S5388,2023-11-01,17,13.0,Reports,30,91.1
C1373,S5388,2023-12-01,15,4.0,Integrations,2903,168.4
C1373,S5388,2024-01-01,20,10.0,Alerts,1202,171.4
C1373,S5388,2024-02-01,10,8.0,Alerts,154,180.7
C1373,S5388,2024-03-01,17,6.0,Export,368,215.7
C1373,S5388,2024-04-01,8,2.0,Integrations,384,323.4
C1373,S5388,2024-05-01,16,9.0,Dashboard,1198,179.5
C1373,S5388,2024-06-01,13,10.0,Alerts,3874,207.7
C1373,S5388,2024-07-01,21,15.0,Dashboard,196,277.1
C1373,S5388,2024-08-01,19,13.0,Alerts,609,195.5
C1373,S5388,2024-09-01,18,10.0,API,1304,333.0
C1373,S5388,2024-10-01,18,8.0,Dashboard,1015,318.5
C1373,S5388,2024-11-01,14,6.0,API,720,131.5
C1373,S5388,2024-12-01,23,19.0,Alerts,2659,269.0
C1374,S5389,2023-12-01,12,5.0,API,163,252.3
C1374,S5389,2024-01-01,18,5.0,API,1566,304.8
C1374,S5389,2024-02-01,10,5.0,Reports,200,179.4
C1374,S5389,2024-03-01,11,5.0,API,146,159.9
C1374,S5389,2024-04-01,11,5.0,Integrations,1247,226.5
C1374,S5389,2024-05-01,18,14.0,Export,3343,308.3
C1374,S5389,2024-06-01,21,6.0,Reports,414,216.7
C1374,S5389,2024-07-01,19,14.0,API,1858,144.2
C1374,S5389,2024-08-01,14,6.0,Dashboard,2512,170.1
C1374,S5389,2024-09-01,13,4.0,Integrations,504,99.1
C1374,S5389,2024-10-01,14,9.0,Alerts,503,209.5
C1374,S5389,2024-11-01,11,8.0,Alerts,446,383.9
C1374,S5389,2024-12-01,10,3.0,Reports,3172,186.6
C1375,S5390,2023-03-01,3,2.0,Dashboard,220,336.7
C1375,S5390,2023-04-01,1,0.0,Reports,1033,190.7
C1375,S5390,2023-05-01,4,3.0,API,1007,278.5
C1375,S5390,2023-06-01,1,0.0,Reports,279,120.6
C1375,S5390,2023-07-01,6,4.0,API,130,209.8
C1375,S5390,2023-08-01,2,1.0,Reports,148,241.5
C1375,S5390,2023-09-01,3,1.0,API,1286,277.2
C1375,S5390,2023-10-01,2,0.0,Alerts,3373,109.6
C1375,S5390,2023-11-01,5,4.0,Dashboard,43,244.0
C1375,S5390,2023-12-01,3,1.0,Reports,86,381.5
C1375,S5390,2024-01-01,5,3.0,Dashboard,0,153.6
C1375,S5390,2024-02-01,3,2.0,Dashboard,1980,187.7
C1375,S5390,2024-03-01,5,3.0,Alerts,1386,166.3
C1375,S5390,2024-04-01,1,0.0,Export,549,250.6
C1375,S5390,2024-05-01,5,2.0,API,14,211.4
C1375,S5390,2024-06-01,2,0.0,Export,631,224.9
C1375,S5390,2024-07-01,3,2.0,Export,807,183.2
C1375,S5390,2024-08-01,4,1.0,Dashboard,374,190.2
C1375,S5390,2024-09-01,3,2.0,Reports,926,0.0
C1375,S5390,2024-10-01,0,0.0,API,289,164.2
C1375,S5390,2024-11-01,1,0.0,Reports,426,298.4
C1375,S5390,2024-12-01,3,1.0,Alerts,11,193.4
C1376,S5391,2023-06-01,21,15.0,Reports,1164,320.5
C1376,S5391,2023-07-01,20,12.0,Integrations,893,196.1
C1376,S5391,2023-08-01,23,10.0,Alerts,301,104.3
C1376,S5391,2023-09-01,13,10.0,Alerts,376,320.1
C1376,S5391,2023-10-01,20,13.0,API,662,151.2
C1376,S5391,2023-11-01,22,5.0,Export,2596,239.4
C1376,S5391,2023-12-01,17,6.0,Alerts,264,199.5
C1376,S5391,2024-01-01,16,12.0,Alerts,1026,62.0
C1376,S5391,2024-02-01,22,8.0,Alerts,454,365.8
C1376,S5391,2024-03-01,31,27.0,Export,1165,182.7
C1376,S5391,2024-04-01,23,18.0,API,313,153.8
C1376,S5391,2024-05-01,21,18.0,Dashboard,1222,289.5
C1376,S5391,2024-06-01,18,7.0,Integrations,891,421.5
C1376,S5391,2024-07-01,20,11.0,Export,628,182.2
C1376,S5391,2024-08-01,23,18.0,Dashboard,419,315.3
C1376,S5391,2024-09-01,27,19.0,Dashboard,2043,202.3
C1376,S5391,2024-10-01,18,12.0,Alerts,965,233.1
C1376,S5391,2024-11-01,16,6.0,API,1691,291.8
C1376,S5391,2024-12-01,19,10.0,Integrations,1002,241.2
C1377,S5392,2024-07-01,10,5.0,Dashboard,69,196.5
C1377,S5392,2024-08-01,14,8.0,Export,526,133.7
C1377,S5392,2024-09-01,14,8.0,Alerts,766,101.7
C1377,S5392,2024-10-01,7,3.0,Integrations,1555,162.7
C1377,S5392,2024-11-01,11,3.0,Alerts,1167,191.9
C1377,S5392,2024-12-01,5,1.0,Integrations,1485,132.0
C1378,S5393,2023-11-01,3,1.0,Dashboard,773,179.0
C1378,S5393,2023-12-01,2,0.0,Dashboard,237,225.6
C1378,S5393,2024-01-01,2,0.0,Dashboard,1000,215.2
C1378,S5393,2024-02-01,1,0.0,Alerts,511,277.7
C1378,S5393,2024-03-01,6,3.0,API,1428,167.2
C1378,S5393,2024-04-01,0,0.0,Integrations,716,144.5
C1378,S5393,2024-05-01,0,0.0,Export,1956,340.3
C1378,S5393,2024-06-01,3,1.0,Export,1620,171.9
C1378,S5393,2024-07-01,0,0.0,API,246,95.3
C1378,S5393,2024-08-01,2,1.0,Integrations,727,46.4
C1378,S5393,2024-09-01,0,0.0,Export,1734,168.7
C1378,S5393,2024-10-01,0,0.0,Dashboard,399,0.0
C1378,S5393,2024-11-01,2,1.0,Dashboard,715,95.1
C1378,S5393,2024-12-01,2,0.0,API,32,0.0
C1379,S5395,2024-02-01,13,6.0,Integrations,38,197.5
C1379,S5395,2024-03-01,16,14.0,Export,3769,193.0
C1379,S5395,2024-04-01,21,10.0,API,1787,234.7
C1379,S5395,2024-05-01,12,6.0,Integrations,1970,286.2
C1379,S5395,2024-06-01,8,3.0,Reports,900,175.6
C1379,S5395,2024-07-01,16,13.0,API,1129,301.8
C1379,S5395,2024-08-01,16,9.0,Dashboard,3112,445.0
C1379,S5395,2024-09-01,13,7.0,Alerts,108,254.7
C1379,S5395,2024-10-01,14,8.0,Integrations,38,238.2
C1379,S5395,2024-11-01,8,2.0,Integrations,1876,209.2
C1379,S5395,2024-12-01,16,13.0,API,2658,226.2
C1380,S5396,2024-06-01,22,6.0,Integrations,19,302.9
C1380,S5396,2024-07-01,12,8.0,Alerts,3318,212.7
C1380,S5396,2024-08-01,12,9.0,API,751,142.2
C1380,S5396,2024-09-01,17,9.0,Dashboard,8,96.7
C1380,S5396,2024-10-01,11,7.0,API,483,154.9
C1380,S5396,2024-11-01,13,10.0,Integrations,73,100.8
C1380,S5396,2024-12-01,11,7.0,Integrations,143,31.6
C1381,S5397,2023-05-01,15,12.0,Export,5875,399.8
C1381,S5397,2023-06-01,11,8.0,Export,2386,186.0
C1381,S5397,2023-07-01,12,8.0,Export,1131,180.5
C1381,S5397,2023-08-01,12,8.0,Reports,691,206.1
C1381,S5397,2023-09-01,4,2.0,Alerts,2065,185.8
C1381,S5397,2023-10-01,7,4.0,Export,1358,197.9
C1381,S5397,2023-11-01,8,4.0,API,309,275.0
C1381,S5397,2023-12-01,8,6.0,Reports,1041,389.4
C1381,S5397,2024-01-01,6,2.0,Reports,387,124.1
C1381,S5397,2024-02-01,7,6.0,API,49,226.0
C1381,S5397,2024-03-01,3,2.0,Dashboard,154,125.1
C1381,S5397,2024-04-01,6,3.0,Integrations,994,137.8
C1381,S5397,2024-05-01,4,1.0,Export,22,124.2
C1381,S5397,2024-06-01,3,2.0,Export,264,252.9
C1381,S5397,2024-07-01,8,4.0,Alerts,765,16.3
C1381,S5397,2024-08-01,3,2.0,Alerts,419,117.5
C1381,S5397,2024-09-01,2,1.0,Integrations,253,72.6
C1381,S5397,2024-10-01,1,0.0,Alerts,136,26.0
C1381,S5397,2024-11-01,1,0.0,Alerts,662,165.6
C1381,S5397,2024-12-01,1,0.0,Integrations,213,131.1
C1382,S5398,2024-09-01,14,9.0,Export,72,137.2
C1382,S5398,2024-10-01,15,11.0,Export,1199,181.8
C1382,S5398,2024-11-01,17,12.0,Alerts,104,272.2
C1382,S5398,2024-12-01,11,9.0,Alerts,918,233.5
C1383,S5399,2024-08-01,6,5.0,API,300,229.1
C1383,S5399,2024-09-01,1,0.0,API,885,346.0
C1383,S5399,2024-10-01,2,0.0,Reports,726,232.6
C1383,S5399,2024-11-01,1,0.0,Reports,1829,231.6
C1383,S5399,2024-12-01,5,2.0,API,690,157.1
C1384,S5400,2024-08-01,8,2.0,Alerts,1632,298.9
C1384,S5400,2024-09-01,13,9.0,Integrations,6569,331.9
C1384,S5400,2024-10-01,12,6.0,Dashboard,1195,168.5
C1384,S5400,2024-11-01,16,13.0,Dashboard,672,272.3
C1384,S5400,2024-12-01,12,7.0,Alerts,203,383.6
C1385,S5401,2024-11-01,1,0.0,API,3269,87.3
C1385,S5401,2024-12-01,2,1.0,Reports,490,68.6
C1386,S5402,2023-01-01,13,8.0,Dashboard,119,297.7
C1386,S5402,2023-02-01,26,9.0,Reports,154,321.2
C1386,S5402,2023-03-01,18,10.0,Reports,1890,453.4
C1386,S5402,2023-04-01,13,7.0,API,1321,185.7
C1386,S5402,2023-05-01,24,16.0,Export,2876,319.8
C1386,S5402,2023-06-01,13,5.0,Alerts,459,344.3
C1386,S5402,2023-07-01,17,8.0,Integrations,1473,356.5
C1386,S5402,2023-08-01,17,5.0,API,144,209.0
C1386,S5402,2023-09-01,15,6.0,Reports,2666,286.9
C1386,S5402,2023-10-01,15,11.0,Alerts,222,212.7
C1386,S5402,2023-11-01,13,6.0,Reports,145,324.7
C1386,S5402,2023-12-01,14,10.0,Dashboard,696,220.3
C1386,S5402,2024-01-01,13,5.0,Alerts,18,213.1
C1386,S5402,2024-02-01,10,3.0,Alerts,2732,162.4
C1386,S5402,2024-03-01,15,11.0,Alerts,987,234.9
C1386,S5402,2024-04-01,16,11.0,Alerts,2203,261.4
C1386,S5402,2024-05-01,21,7.0,API,3763,321.0
C1386,S5402,2024-06-01,14,7.0,Reports,5300,192.0
C1386,S5402,2024-07-01,13,5.0,Alerts,2895,304.7
C1386,S5402,2024-08-01,18,7.0,Reports,1533,336.0
C1386,S5402,2024-09-01,18,10.0,Reports,1049,176.9
C1386,S5402,2024-10-01,16,11.0,Reports,1770,347.5
C1386,S5402,2024-11-01,11,8.0,Alerts,1847,285.2
C1386,S5402,2024-12-01,20,16.0,Export,1114,124.1
C1387,S5403,2024-03-01,15,5.0,API,1136,278.6
C1387,S5403,2024-04-01,20,17.0,Reports,683,283.9
C1387,S5403,2024-05-01,21,12.0,Alerts,2398,276.0
C1387,S5403,2024-06-01,21,12.0,Integrations,881,211.8
C1387,S5403,2024-07-01,19,16.0,API,465,314.4
C1387,S5403,2024-08-01,18,8.0,Export,1343,260.8
C1387,S5403,2024-09-01,20,14.0,Alerts,243,57.7
C1387,S5403,2024-10-01,19,9.0,Alerts,944,242.25
C1387,S5403,2024-11-01,26,18.0,Integrations,527,214.0
C1387,S5403,2024-12-01,19,9.0,API,134,55.6
C1388,S5404,2023-06-01,11,3.0,Reports,440,242.6
C1388,S5404,2023-07-01,16,12.0,Export,6215,301.0
C1388,S5404,2023-08-01,5,3.0,Dashboard,1481,175.6
C1388,S5404,2023-09-01,9,4.0,Reports,115,229.9
C1388,S5404,2023-10-01,11,4.0,Export,210,230.9
C1388,S5404,2023-11-01,15,10.0,Reports,630,149.4
C1388,S5404,2023-12-01,9,4.0,Integrations,848,273.8
C1388,S5404,2024-01-01,11,8.0,Reports,1342,307.7
C1388,S5404,2024-02-01,13,4.0,Reports,179,191.2
C1388,S5404,2024-03-01,14,8.0,Export,1695,206.7
C1388,S5404,2024-04-01,17,10.0,Dashboard,154,334.6
C1388,S5404,2024-05-01,12,4.0,Export,2128,174.8
C1388,S5404,2024-06-01,3,2.0,Dashboard,721,192.0
C1388,S5404,2024-07-01,11,5.0,Reports,783,207.6
C1388,S5404,2024-08-01,11,4.0,API,1773,304.0
C1388,S5404,2024-09-01,11,5.0,Integrations,75,172.1
C1388,S5404,2024-10-01,4,2.0,Integrations,82,154.7
C1388,S5404,2024-11-01,14,11.0,Dashboard,325,338.3
C1388,S5404,2024-12-01,8,2.0,Export,50,299.3
C1389,S5405,2024-01-01,10,4.0,Integrations,409,201.2
C1389,S5405,2024-02-01,15,7.0,Alerts,266,4.1
C1389,S5405,2024-03-01,12,7.0,Reports,345,198.6
C1389,S5405,2024-04-01,11,3.0,Alerts,83,283.0
C1389,S5405,2024-05-01,10,8.0,Alerts,379,312.8
C1389,S5405,2024-06-01,8,7.0,Dashboard,3950,181.2
C1389,S5405,2024-07-01,7,2.0,Export,3975,189.4
C1389,S5405,2024-08-01,8,3.0,Alerts,31,83.5
C1389,S5405,2024-09-01,11,5.0,Reports,244,126.0
C1389,S5405,2024-10-01,16,7.0,Reports,3207,362.1
C1389,S5405,2024-11-01,15,8.0,Alerts,926,309.4
C1389,S5405,2024-12-01,14,5.0,Integrations,679,228.4
C1390,S5406,2024-03-01,1,0.0,API,510,105.6
C1390,S5406,2024-04-01,2,0.0,API,592,230.9
C1390,S5406,2024-05-01,3,2.0,Integrations,671,96.9
C1390,S5406,2024-06-01,1,0.0,Integrations,11,118.5
C1390,S5406,2024-07-01,3,2.0,Reports,29,402.5
C1390,S5406,2024-08-01,1,0.0,Alerts,31,133.6
C1390,S5406,2024-09-01,2,0.0,Integrations,439,80.6
C1390,S5406,2024-10-01,3,1.0,Dashboard,229,56.3
C1390,S5406,2024-11-01,2,0.0,Integrations,247,101.8
C1390,S5406,2024-12-01,0,0.0,Export,168,90.8
C1391,S5407,2023-11-01,2,1.0,Alerts,2513,206.7
C1391,S5407,2023-12-01,2,1.0,Dashboard,466,326.0
C1391,S5407,2024-01-01,2,1.0,API,2573,146.8
C1391,S5407,2024-02-01,2,1.0,Export,545,459.6
C1391,S5407,2024-03-01,4,1.0,Dashboard,2770,203.2
C1391,S5407,2024-04-01,1,0.0,Integrations,44,239.3
C1391,S5407,2024-05-01,2,1.0,Dashboard,1887,233.6
C1391,S5407,2024-06-01,4,3.0,API,1250,277.8
C1391,S5407,2024-07-01,3,1.0,Integrations,518,236.9
C1391,S5407,2024-08-01,3,2.0,API,777,392.3
C1391,S5407,2024-09-01,1,0.0,Integrations,866,220.6
C1391,S5407,2024-10-01,2,1.0,Export,704,124.4
C1391,S5407,2024-11-01,1,0.0,Alerts,1097,271.7
C1391,S5407,2024-12-01,1,0.0,Export,1839,184.0
C1392,S5408,2023-04-01,22,12.0,Integrations,782,139.7
C1392,S5408,2023-05-01,17,9.0,Export,153,338.4
C1392,S5408,2023-06-01,11,6.0,Integrations,38,324.9
C1392,S5408,2023-07-01,19,16.0,Export,247,171.6
C1392,S5408,2023-08-01,21,18.0,API,1899,40.6
C1392,S5408,2023-09-01,16,9.0,Dashboard,39,267.6
C1392,S5408,2023-10-01,19,7.0,API,44,256.6
C1392,S5408,2023-11-01,19,15.0,Export,1024,178.0
C1392,S5408,2023-12-01,18,5.0,API,2416,215.8
C1392,S5408,2024-01-01,16,6.0,Alerts,912,152.3
C1392,S5408,2024-02-01,15,10.0,Reports,1101,94.3
C1392,S5408,2024-03-01,26,23.0,Alerts,1512,249.0
C1392,S5408,2024-04-01,28,24.0,Dashboard,42,387.2
C1392,S5408,2024-05-01,13,7.0,Alerts,828,128.5
C1392,S5408,2024-06-01,17,10.0,Integrations,373,352.6
C1392,S5408,2024-07-01,19,9.0,Reports,22,161.9
C1392,S5408,2024-08-01,10,6.0,Export,1073,355.8
C1392,S5408,2024-09-01,20,8.0,Reports,1711,274.4
C1392,S5408,2024-10-01,20,8.0,Export,248,152.7
C1392,S5408,2024-11-01,16,12.0,Export,81,220.4
C1392,S5408,2024-12-01,28,19.0,Dashboard,6074,351.0
C1393,S5409,2023-10-01,19,6.0,Integrations,2399,240.7
C1393,S5409,2023-11-01,29,10.0,Dashboard,1194,109.5
C1393,S5409,2023-12-01,21,17.0,Integrations,1851,270.1
C1393,S5409,2024-01-01,17,6.0,Integrations,34,386.1
C1393,S5409,2024-02-01,15,7.0,Export,1790,187.9
C1393,S5409,2024-03-01,26,17.0,Integrations,1293,239.0
C1393,S5409,2024-04-01,28,12.0,Reports,92,171.5
C1393,S5409,2024-05-01,23,18.0,Integrations,201,269.8
C1393,S5409,2024-06-01,15,10.0,API,37,334.0
C1393,S5409,2024-07-01,24,13.0,Reports,1907,328.9
C1393,S5409,2024-08-01,29,17.0,Integrations,463,346.3
C1393,S5409,2024-09-01,30,24.0,Reports,685,292.3
C1393,S5409,2024-10-01,20,11.0,Reports,1,123.9
C1393,S5409,2024-11-01,23,9.0,Reports,117,423.0
C1393,S5409,2024-12-01,16,6.0,Integrations,57,174.7
C1394,S5410,2023-05-01,13,10.0,API,344,248.8
C1394,S5410,2023-06-01,10,5.0,Integrations,322,324.3
C1394,S5410,2023-07-01,12,5.0,API,1045,227.2
C1394,S5410,2023-08-01,15,12.0,Alerts,15,274.7
C1394,S5410,2023-09-01,11,4.0,Dashboard,1784,422.0
C1394,S5410,2023-10-01,16,5.0,Alerts,1027,44.9
C1394,S5410,2023-11-01,12,6.0,Reports,2928,143.6
C1394,S5410,2023-12-01,16,11.0,Export,745,253.3
C1394,S5410,2024-01-01,18,9.0,Reports,932,196.8
C1394,S5410,2024-02-01,11,7.0,Export,1123,163.6
C1394,S5410,2024-03-01,14,6.0,Alerts,957,106.0
C1394,S5410,2024-04-01,14,7.0,Alerts,2115,249.3
C1394,S5410,2024-05-01,7,2.0,Dashboard,378,293.8
C1394,S5410,2024-06-01,13,5.0,Integrations,239,358.4
C1394,S5410,2024-07-01,12,3.0,Dashboard,825,174.4
C1394,S5410,2024-08-01,12,9.0,Dashboard,2454,249.9
C1394,S5410,2024-09-01,19,7.0,Reports,625,223.9
C1394,S5410,2024-10-01,17,14.0,Dashboard,2246,282.5
C1394,S5410,2024-11-01,12,7.0,Integrations,1339,160.6
C1394,S5410,2024-12-01,15,9.0,Integrations,520,167.3
C1395,S5411,2024-11-01,11,5.0,Reports,1229,309.0
C1395,S5411,2024-12-01,13,10.0,Alerts,432,206.4
C1396,S5412,2023-12-01,11,6.0,Dashboard,147,238.1
C1396,S5412,2024-01-01,14,6.0,API,2310,334.3
C1396,S5412,2024-02-01,10,3.0,Alerts,190,163.1
C1396,S5412,2024-03-01,11,6.0,API,1148,107.0
C1396,S5412,2024-04-01,8,3.0,Dashboard,84,107.2
C1396,S5412,2024-05-01,8,3.0,Dashboard,77,278.7
C1396,S5412,2024-06-01,5,4.0,Integrations,121,15.1
C1397,S5413,2024-12-01,13,8.0,Integrations,16,317.7
C1398,S5414,2024-01-01,7,4.0,Alerts,1445,245.3
C1398,S5414,2024-02-01,6,3.0,API,4,216.5
C1398,S5414,2024-03-01,2,0.0,API,1006,56.9
C1398,S5414,2024-04-01,8,3.0,Dashboard,822,219.4
C1398,S5414,2024-05-01,5,2.0,API,912,167.0
C1398,S5414,2024-06-01,5,2.0,Reports,527,69.3
C1398,S5414,2024-07-01,2,0.0,Dashboard,228,296.1
C1398,S5414,2024-08-01,2,1.0,API,1671,151.6
C1398,S5414,2024-09-01,2,0.0,Reports,751,185.1
C1398,S5414,2024-10-01,1,0.0,Dashboard,1535,110.4
C1398,S5414,2024-11-01,1,0.0,Dashboard,54,167.1
C1398,S5414,2024-12-01,0,0.0,Reports,633,42.2
C1399,S5415,2024-03-01,13,10.0,Integrations,604,183.8
C1399,S5415,2024-04-01,15,13.0,Export,166,79.5
C1399,S5415,2024-05-01,8,6.0,Export,363,305.7
C1399,S5415,2024-06-01,8,6.0,Reports,1250,190.3
C1399,S5415,2024-07-01,11,4.0,API,738,70.8
C1399,S5415,2024-08-01,6,3.0,Integrations,1580,192.8
C1399,S5415,2024-09-01,6,2.0,Export,1171,59.3
C1399,S5415,2024-10-01,5,4.0,Alerts,178,231.0
C1399,S5415,2024-11-01,6,4.0,Dashboard,242,169.8
C1399,S5415,2024-12-01,4,2.0,Integrations,491,1.0
C1400,S5416,2024-10-01,8,6.0,Dashboard,867,344.0
C1400,S5416,2024-11-01,14,8.0,Alerts,3737,228.7
C1400,S5416,2024-12-01,10,7.0,Alerts,1346,319.2
C1401,S5417,2024-03-01,6,2.0,API,679,213.7
C1401,S5417,2024-04-01,2,1.0,Integrations,466,281.6
C1401,S5417,2024-05-01,4,1.0,Integrations,189,289.4
C1401,S5417,2024-06-01,2,1.0,Alerts,65,138.6
C1401,S5417,2024-07-01,2,1.0,Alerts,920,193.4
C1401,S5417,2024-08-01,5,2.0,Export,975,448.9
C1401,S5417,2024-09-01,1,0.0,Export,21,77.5
C1401,S5417,2024-10-01,1,0.0,Alerts,175,277.7
C1401,S5417,2024-11-01,0,0.0,Export,4,89.6
C1401,S5417,2024-12-01,4,2.0,Dashboard,481,10.9
C1402,S5418,2024-12-01,13,10.0,Reports,849,74.1
C1403,S5419,2024-08-01,14,12.0,Dashboard,934,298.6
C1403,S5419,2024-09-01,20,17.0,Dashboard,818,192.8
C1403,S5419,2024-10-01,16,14.0,Reports,113,251.4
C1403,S5419,2024-11-01,13,6.0,Reports,533,152.0
C1403,S5419,2024-12-01,18,9.0,Export,1657,148.4
C1404,S5420,2024-03-01,12,10.0,API,1321,229.8
C1404,S5420,2024-04-01,12,6.0,Alerts,6690,208.2
C1404,S5420,2024-05-01,10,7.0,Alerts,1150,228.9
C1404,S5420,2024-06-01,9,6.0,API,1388,195.2
C1404,S5420,2024-07-01,10,7.0,API,1845,319.9
C1404,S5420,2024-08-01,12,5.0,Alerts,2416,371.0
C1404,S5420,2024-09-01,7,3.0,Alerts,971,297.2
C1404,S5420,2024-10-01,5,2.0,Reports,1253,234.0
C1404,S5420,2024-11-01,6,4.0,Alerts,3011,318.9
C1404,S5420,2024-12-01,14,12.0,Export,1308,397.0
C1405,S5421,2024-04-01,5,3.0,Export,20,238.0
C1405,S5421,2024-05-01,5,4.0,Integrations,1517,332.5
C1405,S5421,2024-06-01,9,7.0,Dashboard,273,241.7
C1405,S5421,2024-07-01,7,4.0,Export,144,314.5
C1405,S5421,2024-08-01,5,3.0,Export,856,275.0
C1405,S5421,2024-09-01,2,1.0,Reports,349,100.1
C1405,S5421,2024-10-01,2,1.0,Reports,128,76.4
C1405,S5421,2024-11-01,3,2.0,API,925,113.6
C1405,S5421,2024-12-01,2,1.0,Export,828,116.0
C1406,S5422,2024-04-01,5,1.0,Dashboard,1112,344.8
C1406,S5422,2024-05-01,6,5.0,Integrations,361,201.2
C1406,S5422,2024-06-01,6,2.0,Reports,1568,159.3
C1406,S5422,2024-07-01,7,5.0,API,29,161.7
C1406,S5422,2024-08-01,4,3.0,Reports,620,230.0
C1406,S5422,2024-09-01,8,3.0,Dashboard,41,89.4
C1406,S5422,2024-10-01,5,3.0,Reports,873,296.2
C1406,S5422,2024-11-01,7,3.0,API,933,305.5
C1406,S5422,2024-12-01,8,3.0,Dashboard,509,212.7
C1407,S5423,2024-10-01,17,15.0,Integrations,898,281.8
C1407,S5423,2024-11-01,17,9.0,Integrations,4105,255.1
C1407,S5423,2024-12-01,24,13.0,Dashboard,497,176.0
C1408,S5424,2023-10-01,10,7.0,Integrations,2988,324.4
C1408,S5424,2023-11-01,9,2.0,Export,1904,298.1
C1408,S5424,2023-12-01,10,7.0,Alerts,1808,275.4
C1408,S5424,2024-01-01,11,8.0,API,1350,188.1
C1408,S5424,2024-02-01,7,4.0,API,819,332.4
C1408,S5424,2024-03-01,6,2.0,Reports,747,452.9
C1408,S5424,2024-04-01,9,5.0,Reports,56,228.5
C1408,S5424,2024-05-01,8,6.0,Export,1515,203.9
C1408,S5424,2024-06-01,5,1.0,Export,133,168.0
C1408,S5424,2024-07-01,5,4.0,Export,2657,321.4
C1408,S5424,2024-08-01,6,3.0,Integrations,1118,194.1
C1408,S5424,2024-09-01,11,4.0,Alerts,31,268.2
C1408,S5424,2024-10-01,7,3.0,Dashboard,1780,236.8
C1408,S5424,2024-11-01,6,4.0,Dashboard,399,246.7
C1408,S5424,2024-12-01,5,3.0,API,721,224.8
C1409,S5425,2023-05-01,11,6.0,Integrations,417,240.5
C1409,S5425,2023-06-01,13,9.0,API,358,231.9
C1409,S5425,2023-07-01,9,5.0,Export,1862,237.1
C1409,S5425,2023-08-01,12,9.0,Alerts,802,282.8
C1409,S5425,2023-09-01,9,8.0,Alerts,838,63.1
C1409,S5425,2023-10-01,9,5.0,API,701,124.9
C1409,S5425,2023-11-01,6,1.0,Integrations,1388,96.1
C1409,S5425,2023-12-01,3,1.0,Dashboard,24,58.2
C1409,S5425,2024-01-01,4,2.0,Export,334,59.8
C1409,S5425,2024-02-01,1,0.0,Export,144,19.6
C1410,S5426,2024-03-01,18,15.0,Alerts,199,135.6
C1410,S5426,2024-04-01,15,8.0,API,525,311.9
C1410,S5426,2024-05-01,12,5.0,Alerts,192,291.0
C1410,S5426,2024-06-01,11,7.0,Integrations,566,82.5
C1410,S5426,2024-07-01,6,2.0,API,491,14.7
C1412,S5428,2024-05-01,6,4.0,Integrations,295,201.9
C1412,S5428,2024-06-01,6,2.0,Integrations,1199,282.0
C1412,S5428,2024-07-01,6,3.0,Integrations,3028,173.3
C1412,S5428,2024-08-01,8,4.0,Reports,1264,169.3
C1412,S5428,2024-09-01,4,2.0,Export,134,234.85
C1412,S5428,2024-10-01,6,3.0,Export,214,74.6
C1412,S5428,2024-11-01,2,1.0,Export,213,0.0
C1412,S5428,2024-12-01,0,0.0,Alerts,556,0.0
C1413,S5430,2023-09-01,2,0.0,Export,350,297.5
C1413,S5430,2023-10-01,10,4.0,Export,1896,142.5
C1413,S5430,2023-11-01,7,2.0,Reports,1275,134.2
C1413,S5430,2023-12-01,8,5.0,Dashboard,1045,209.9
C1413,S5430,2024-01-01,6,3.0,Dashboard,749,328.6
C1413,S5430,2024-02-01,4,1.0,Alerts,761,292.8
C1413,S5430,2024-03-01,4,3.0,Reports,623,186.2
C1413,S5430,2024-04-01,6,4.0,Reports,492,263.3
C1413,S5430,2024-05-01,11,7.0,API,1552,235.5
C1413,S5430,2024-06-01,8,3.0,Dashboard,1053,222.2
C1413,S5430,2024-07-01,7,3.0,Reports,517,263.5
C1413,S5430,2024-08-01,9,3.0,Alerts,1268,195.8
C1413,S5430,2024-09-01,7,5.0,Reports,786,196.6
C1413,S5430,2024-10-01,6,4.0,Integrations,2128,211.5
C1413,S5430,2024-11-01,8,5.0,Export,4551,245.9
C1413,S5430,2024-12-01,10,5.0,Export,1933,268.6
C1414,S5431,2023-12-01,23,8.0,Integrations,544,233.9
C1414,S5431,2024-01-01,10,7.0,Export,1826,276.9
C1414,S5431,2024-02-01,16,14.0,Export,551,173.7
C1414,S5431,2024-03-01,11,4.0,API,216,162.0
C1414,S5431,2024-04-01,12,8.0,API,68,102.9
C1414,S5431,2024-05-01,6,2.0,Alerts,847,108.2
C1415,S5432,2024-02-01,9,3.0,Alerts,1824,151.3
C1415,S5432,2024-03-01,10,4.0,Alerts,1243,246.8
C1415,S5432,2024-04-01,8,4.0,Export,1175,208.2
C1415,S5432,2024-05-01,6,2.0,Reports,4906,194.0
C1415,S5432,2024-06-01,5,4.0,API,2194,236.0
C1415,S5432,2024-07-01,9,5.0,Export,3,270.5
C1415,S5432,2024-08-01,5,2.0,Export,970,254.1
C1415,S5432,2024-09-01,9,6.0,Integrations,52,344.7
C1415,S5432,2024-10-01,9,7.0,Integrations,2364,293.4
C1415,S5432,2024-11-01,13,7.0,Reports,53,131.8
C1415,S5432,2024-12-01,9,7.0,Export,1701,162.9
C1416,S5433,2023-01-01,20,7.0,Integrations,681,291.1
C1416,S5433,2023-02-01,10,4.0,Dashboard,223,207.2
C1416,S5433,2023-03-01,11,5.0,Export,3120,295.2
C1416,S5433,2023-04-01,20,17.0,Integrations,971,102.7
C1416,S5433,2023-05-01,25,13.0,Alerts,1869,84.5
C1416,S5433,2023-06-01,27,10.0,API,765,354.9
C1416,S5433,2023-07-01,16,7.0,Dashboard,1033,289.1
C1416,S5433,2023-08-01,16,10.0,Reports,2208,158.0
C1416,S5433,2023-09-01,19,8.0,API,223,154.3
C1416,S5433,2023-10-01,19,8.0,Reports,409,158.1
C1416,S5433,2023-11-01,18,5.0,Dashboard,1685,286.1
C1416,S5433,2023-12-01,18,13.0,Export,622,182.2
C1416,S5433,2024-01-01,17,11.0,Reports,2243,282.8
C1416,S5433,2024-02-01,17,9.0,Dashboard,27,365.2
C1416,S5433,2024-03-01,10,8.0,Integrations,1254,239.7
C1416,S5433,2024-04-01,19,11.0,Alerts,175,273.6
C1416,S5433,2024-05-01,12,9.0,Reports,1770,291.0
C1416,S5433,2024-06-01,13,7.0,Reports,1985,336.5
C1416,S5433,2024-07-01,21,9.0,Alerts,3251,325.3
C1416,S5433,2024-08-01,16,9.0,Reports,2103,282.9
C1416,S5433,2024-09-01,10,5.0,Reports,382,265.2
C1416,S5433,2024-10-01,19,8.0,Export,846,341.9
C1416,S5433,2024-11-01,17,5.0,Dashboard,2109,211.5
C1416,S5433,2024-12-01,20,6.0,Export,4340,344.9
C1417,S5434,2023-04-01,12,4.0,Export,1248,237.2
C1417,S5434,2023-05-01,3,1.0,Export,3522,71.3
C1418,S5435,2023-12-01,5,2.0,Reports,20,301.1
C1418,S5435,2024-01-01,16,9.0,Reports,278,186.2
C1418,S5435,2024-02-01,7,2.0,API,1142,92.1
C1418,S5435,2024-03-01,12,9.0,API,5586,266.9
C1418,S5435,2024-04-01,7,6.0,API,775,214.4
C1418,S5435,2024-05-01,11,8.0,Integrations,1366,330.2
C1418,S5435,2024-06-01,6,3.0,Export,1374,250.2
C1418,S5435,2024-07-01,6,4.0,Reports,155,317.4
C1418,S5435,2024-08-01,3,2.0,Reports,1629,455.8
C1418,S5435,2024-09-01,6,2.0,API,419,226.5
C1418,S5435,2024-10-01,3,1.0,Integrations,1697,259.9
C1418,S5435,2024-11-01,8,6.0,Alerts,1089,242.25
C1418,S5435,2024-12-01,6,1.0,Dashboard,1217,86.4
C1419,S5436,2024-11-01,14,8.0,Reports,2156,79.5
C1419,S5436,2024-12-01,19,14.0,Export,322,293.4
C1420,S5437,2023-03-01,7,4.0,Integrations,4121,257.7
C1420,S5437,2023-04-01,7,6.0,Reports,53,254.9
C1420,S5437,2023-05-01,2,1.0,Reports,252,211.4
C1420,S5437,2023-06-01,6,4.0,Reports,645,203.6
C1420,S5437,2023-07-01,4,2.0,Dashboard,919,85.5
C1420,S5437,2023-08-01,8,7.0,Alerts,655,305.4
C1420,S5437,2023-09-01,2,1.0,API,1357,211.1
C1420,S5437,2023-10-01,6,1.0,Reports,789,273.2
C1420,S5437,2023-11-01,5,2.0,Alerts,593,218.8
C1420,S5437,2023-12-01,4,3.0,Alerts,126,172.4
C1420,S5437,2024-01-01,2,1.0,Export,159,333.8
C1420,S5437,2024-02-01,6,3.0,Dashboard,1410,451.5
C1420,S5437,2024-03-01,10,4.0,Reports,171,166.3
C1420,S5437,2024-04-01,4,1.0,Alerts,1298,230.1
C1420,S5437,2024-05-01,7,3.0,Integrations,446,221.6
C1420,S5437,2024-06-01,4,1.0,Dashboard,304,148.7
C1420,S5437,2024-07-01,3,2.0,Reports,575,7.1
C1420,S5437,2024-08-01,10,3.0,Export,3613,166.9
C1420,S5437,2024-09-01,6,1.0,Integrations,4042,291.3
C1420,S5437,2024-10-01,9,5.0,Integrations,492,114.0
C1420,S5437,2024-11-01,1,0.0,Export,1731,174.8
C1420,S5437,2024-12-01,7,4.0,API,431,339.5
